Customer_ID,Age,Gender,Annual_Income,Total_Purchases,Average_Order_Value,Website_Visits,Customer_Satisfaction,Previous_Returns,Churn
1,56,Male,49241,2,243.97,21,1.8,9,1
2,46,Female,116214,23,412.03,26,1.3,9,1
3,32,Female,64569,19,52.34,14,4.5,0,0
4,60,Female,31745,31,205.95,13,2.7,1,0
5,25,Male,46029,5,428.88,27,3.0,4,0
6,38,Male,33025,19,213.87,4,4.7,2,1
7,56,Male,121660,34,57.26,7,4.1,1,1
8,36,Male,143395,10,280.42,22,1.5,0,1
9,40,Male,34288,25,433.64,10,3.3,9,1
10,28,Male,109186,2,303.34,7,2.8,2,1
11,28,Male,26540,11,128.61,21,4.2,0,0
12,41,Male,117768,31,204.44,15,3.9,0,0
13,53,Female,101958,15,236.06,15,3.8,0,0
14,57,Female,88878,9,298.05,4,2.4,7,1
15,41,Male,61846,23,384.49,23,4.2,2,0
16,20,Male,121148,19,67.46,23,1.2,0,1
17,39,Female,95932,9,447.03,6,1.6,6,1
18,19,Male,37482,35,25.91,24,2.3,9,1
19,41,Male,43411,21,197.63,20,1.3,2,1
20,61,Male,70975,9,33.16,26,1.9,7,1
21,47,Female,80545,28,208.63,5,4.3,3,1
22,55,Female,132302,46,272.39,20,4.8,3,0
23,19,Female,98797,7,265.61,12,2.2,4,1
24,38,Female,72307,16,99.5,1,2.1,5,1
25,50,Female,23093,16,329.96,28,2.1,6,1
26,29,Male,97258,33,41.49,8,2.1,3,1
27,39,Female,42042,4,385.72,1,1.1,7,1
28,61,Male,72930,4,474.39,5,4.7,5,1
29,42,Male,137584,39,183.09,22,1.9,0,1
30,44,Female,64413,40,268.27,6,2.7,0,1
31,59,Female,133387,17,201.88,29,1.0,8,1
32,45,Male,113623,37,23.22,21,4.4,9,1
33,33,Male,117883,39,205.22,3,3.9,5,1
34,32,Male,53756,29,400.03,15,4.8,9,1
35,64,Female,73268,36,306.07,5,4.1,7,1
36,61,Female,59214,38,68.6,28,2.3,6,1
37,20,Female,101871,39,426.63,24,2.0,5,1
38,54,Female,147844,37,274.92,14,3.8,3,0
39,24,Female,48602,35,424.03,18,2.5,6,0
40,38,Male,73331,7,298.51,16,3.3,8,1
41,26,Female,68901,27,288.65,6,1.0,9,1
42,56,Male,119986,28,70.52,25,1.2,9,1
43,35,Male,83416,22,100.33,24,3.1,6,0
44,21,Male,52196,14,486.57,14,3.3,0,0
45,42,Female,148386,7,129.67,27,4.0,9,1
46,31,Female,25626,37,489.18,24,1.5,8,1
47,26,Female,27424,22,275.32,8,3.1,3,0
48,43,Male,32857,5,85.18,29,1.8,2,1
49,19,Male,130459,2,67.67,7,1.4,3,1
50,37,Male,135621,27,120.25,8,2.6,3,0
51,45,Male,39982,21,464.31,13,1.7,9,1
52,64,Male,96961,38,218.79,6,1.9,1,1
53,24,Male,21980,15,209.81,18,2.3,0,1
54,61,Female,68290,21,170.34,2,2.0,9,1
55,25,Female,46431,10,90.59,8,1.4,0,1
56,64,Female,104976,23,254.17,11,1.4,7,1
57,52,Female,127288,39,82.42,1,1.8,1,1
58,31,Male,102711,5,421.03,22,1.2,9,1
59,34,Male,134187,1,197.79,29,3.5,4,0
60,53,Female,46385,13,199.91,6,2.1,3,1
61,57,Male,58158,21,247.52,16,2.1,7,1
62,21,Female,43019,26,233.18,27,2.3,1,1
63,19,Female,38639,45,497.53,20,3.7,9,1
64,23,Female,105530,21,281.78,12,4.5,8,1
65,59,Male,119911,18,62.34,11,4.0,6,0
66,21,Female,41563,37,311.3,29,3.9,6,0
67,46,Female,59341,45,92.76,27,2.9,0,0
68,35,Female,135672,32,34.85,29,3.8,1,0
69,43,Male,25776,36,485.96,10,3.2,3,0
70,61,Male,56444,17,391.3,3,1.9,3,1
71,51,Female,88916,35,490.45,13,1.8,2,1
72,27,Male,28711,49,249.38,27,2.2,6,1
73,53,Male,94318,11,275.48,3,4.6,7,1
74,31,Male,102970,21,100.8,15,3.2,1,0
75,48,Male,132301,26,138.52,16,3.9,3,0
76,32,Male,105553,4,422.5,29,2.4,2,1
77,25,Male,50707,34,190.97,13,2.6,1,0
78,31,Male,59110,48,416.87,17,1.5,5,1
79,40,Male,149410,18,360.33,3,1.7,3,1
80,57,Male,81788,40,105.04,20,4.3,5,0
81,38,Male,102879,35,263.57,11,3.3,1,0
82,33,Female,58827,41,345.15,27,2.4,3,1
83,62,Female,127188,29,132.82,21,4.2,5,0
84,35,Male,25655,29,418.73,19,2.0,4,1
85,64,Female,64859,38,281.52,22,4.9,2,0
86,41,Female,73625,42,99.32,11,2.4,7,1
87,43,Male,72098,21,299.83,28,2.3,6,1
88,42,Male,35251,42,499.86,16,2.2,2,1
89,62,Male,142413,13,92.25,21,1.5,5,1
90,58,Female,20526,49,412.04,3,1.4,3,1
91,46,Female,88760,41,119.51,22,3.6,4,0
92,32,Male,67837,17,395.55,6,4.5,4,1
93,62,Male,145133,9,372.6,14,4.2,6,0
94,18,Male,149478,41,164.23,24,1.6,4,1
95,42,Female,31536,1,176.4,18,3.2,2,0
96,24,Female,48541,2,400.41,17,1.4,9,1
97,26,Female,99083,48,241.49,4,1.2,4,1
98,41,Female,71027,29,370.79,23,3.6,6,0
99,18,Male,54531,33,91.03,15,3.1,4,0
100,61,Male,28712,10,429.23,11,1.3,4,1
101,25,Male,124101,40,361.22,26,1.1,8,1
102,41,Male,85455,21,455.33,3,5.0,2,1
103,28,Female,94744,28,83.54,3,1.1,5,1
104,34,Female,141787,11,304.65,16,2.8,0,0
105,25,Male,149749,34,307.58,5,3.0,9,1
106,52,Male,25109,8,189.66,21,1.5,4,1
107,52,Female,141332,22,240.06,29,1.7,7,1
108,50,Male,69268,8,38.23,10,2.4,4,1
109,22,Female,120737,49,378.01,19,4.0,8,1
110,59,Male,74615,15,283.67,25,3.0,5,0
111,56,Male,102503,17,47.72,4,3.6,7,1
112,58,Male,143274,23,346.76,29,4.9,9,1
113,45,Male,49759,24,244.06,29,4.1,7,1
114,24,Male,105708,45,36.54,19,2.7,2,0
115,26,Male,80112,19,485.41,11,2.8,6,0
116,25,Male,122471,5,475.57,2,3.5,6,1
117,29,Female,146740,32,266.19,10,3.7,9,1
118,51,Female,143153,44,64.96,29,3.0,5,0
119,50,Female,46589,1,382.22,11,3.6,6,0
120,40,Female,50015,23,256.13,25,1.1,1,1
121,41,Female,49009,37,165.17,20,2.7,8,1
122,54,Male,103309,8,255.88,16,2.1,9,1
123,52,Male,146446,13,270.77,19,1.5,9,1
124,61,Female,82046,8,290.1,23,1.4,0,1
125,57,Male,126661,23,231.79,24,3.4,0,0
126,39,Female,46143,43,310.76,11,3.1,2,0
127,44,Female,26154,1,460.99,14,2.0,2,1
128,52,Male,41804,45,193.89,2,2.9,0,1
129,18,Male,61688,24,368.34,23,3.0,6,0
130,52,Male,84288,35,449.34,28,1.8,3,1
131,54,Female,71195,24,238.87,5,3.6,9,1
132,64,Male,40581,17,232.86,27,4.1,1,0
133,31,Female,72648,5,309.02,5,4.2,9,1
134,20,Female,50087,20,303.88,19,3.4,4,0
135,18,Female,69930,21,407.16,21,3.0,5,0
136,22,Male,52981,40,248.71,12,1.2,8,1
137,43,Male,89298,31,498.14,18,2.2,3,1
138,31,Female,66167,46,48.55,4,1.4,1,1
139,56,Male,95304,36,21.52,22,4.9,4,0
140,44,Male,63408,11,327.3,17,1.5,2,1
141,26,Male,59499,15,163.25,10,1.6,1,1
142,32,Female,145816,19,135.38,20,4.6,0,0
143,32,Female,72269,7,169.71,6,4.8,9,1
144,43,Male,58559,28,142.9,25,4.1,1,0
145,59,Female,134126,43,34.78,14,1.0,5,1
146,30,Male,94319,5,486.34,11,1.0,7,1
147,49,Male,131925,5,125.96,11,2.5,2,0
148,56,Male,115317,30,372.33,29,1.6,8,1
149,49,Male,116347,32,386.05,18,1.1,8,1
150,21,Female,68787,8,466.04,27,2.9,1,0
151,47,Female,55488,10,34.66,23,4.8,7,1
152,54,Female,94441,38,438.58,22,2.3,9,1
153,40,Male,94663,47,273.07,18,3.6,4,0
154,56,Male,42431,32,323.62,24,3.6,3,0
155,62,Male,81681,48,329.35,23,2.0,9,1
156,32,Female,83483,28,413.5,11,3.6,4,0
157,60,Male,142720,17,180.04,21,1.8,3,1
158,46,Female,69153,31,371.86,12,1.5,7,1
159,53,Female,26368,8,273.72,5,3.8,3,1
160,30,Female,47424,40,400.83,23,1.5,9,1
161,49,Female,132360,25,495.46,9,5.0,5,0
162,24,Female,65004,9,116.31,27,1.7,1,1
163,39,Female,103869,2,497.43,25,3.4,4,0
164,45,Male,108652,15,63.11,9,2.6,5,0
165,19,Male,132755,3,21.11,22,1.5,4,1
166,59,Female,76985,49,41.2,10,1.1,1,1
167,62,Female,70069,36,184.06,22,3.5,6,0
168,23,Male,72326,4,323.8,19,4.2,3,0
169,45,Female,128737,14,53.13,1,4.4,7,1
170,45,Female,101061,41,22.72,7,2.9,6,1
171,61,Male,43398,41,469.8,4,4.1,6,1
172,61,Female,118393,25,414.52,1,3.7,8,1
173,37,Female,70861,10,408.41,15,3.9,0,0
174,47,Female,95897,21,444.52,8,3.0,9,1
175,28,Male,101905,36,356.02,12,3.5,5,0
176,45,Male,147118,12,70.11,22,4.2,5,0
177,42,Male,88577,27,211.57,22,2.6,5,0
178,56,Female,85641,40,367.11,18,4.2,5,0
179,50,Female,29078,2,154.56,15,3.4,9,1
180,18,Male,45003,13,349.96,17,1.7,6,1
181,44,Female,82768,32,31.76,29,1.1,9,1
182,30,Female,71047,31,166.95,14,2.5,5,0
183,58,Female,91626,16,283.58,14,3.2,0,0
184,20,Female,77660,32,323.4,18,4.4,2,0
185,56,Female,124386,32,296.98,20,1.5,1,1
186,23,Male,69786,34,354.92,18,4.2,5,0
187,25,Female,21925,11,22.92,16,4.5,7,1
188,44,Male,103976,10,68.45,1,1.6,2,1
189,26,Female,125221,15,437.09,23,4.4,9,1
190,54,Male,137832,17,347.24,27,5.0,7,1
191,50,Female,145150,40,74.21,11,3.9,7,1
192,59,Male,46015,18,424.2,15,4.1,4,0
193,61,Female,53320,9,136.27,12,5.0,7,1
194,41,Male,84881,25,249.56,8,3.4,5,0
195,32,Female,110827,40,89.69,22,2.2,4,1
196,49,Male,140071,14,360.85,20,4.4,8,1
197,49,Female,122215,25,340.09,6,3.5,6,1
198,41,Male,46289,22,121.33,3,3.3,7,1
199,58,Male,148859,30,434.43,28,2.0,0,1
200,29,Female,23389,20,212.63,24,4.0,1,0
201,56,Female,45683,21,160.41,26,1.3,7,1
202,19,Male,33629,44,93.12,13,4.7,8,1
203,20,Female,81550,32,147.76,13,2.3,3,1
204,54,Male,44826,46,30.57,2,1.5,9,1
205,34,Male,120734,49,299.96,5,2.8,9,1
206,19,Male,46630,21,424.27,17,1.2,8,1
207,19,Female,118762,35,283.51,6,3.7,3,1
208,45,Male,66163,32,125.25,2,4.6,9,1
209,40,Male,118511,30,36.16,4,4.3,9,1
210,54,Female,86435,39,123.02,22,1.5,9,1
211,49,Female,31653,49,219.74,26,1.5,8,1
212,50,Female,47961,12,384.61,11,4.3,6,0
213,18,Female,101941,41,110.16,8,4.7,1,0
214,36,Male,94137,47,365.5,12,2.8,8,1
215,19,Male,53662,18,436.13,8,3.0,3,0
216,61,Male,118818,21,237.89,11,2.3,7,1
217,43,Male,76446,13,414.29,22,4.6,6,0
218,49,Female,41288,21,286.24,20,3.6,6,0
219,23,Male,142555,8,325.8,8,2.2,7,1
220,49,Male,115081,46,272.61,29,2.2,0,1
221,21,Female,56877,40,242.32,8,4.6,4,0
222,28,Male,131562,46,132.63,26,1.1,1,1
223,34,Male,35313,7,165.53,17,2.3,1,1
224,55,Male,100885,23,159.19,20,3.2,0,0
225,41,Male,92715,44,290.38,20,1.6,4,1
226,22,Male,30326,32,77.58,23,1.4,1,1
227,51,Male,130091,11,460.06,16,4.3,3,0
228,23,Female,145836,22,365.91,14,4.6,2,0
229,39,Female,21560,22,212.69,11,4.3,2,0
230,28,Male,99148,43,96.14,7,4.6,1,1
231,33,Male,103186,25,443.36,16,3.2,5,0
232,50,Female,46745,22,415.41,13,4.2,1,0
233,26,Male,51890,28,366.43,27,2.5,7,1
234,23,Male,40022,29,150.34,15,3.7,7,1
235,33,Male,143629,13,213.17,24,5.0,4,0
236,46,Female,72579,18,69.32,16,1.9,9,1
237,20,Male,90316,2,110.74,27,2.6,6,0
238,37,Female,103847,29,395.85,21,2.9,3,0
239,53,Male,48380,21,363.22,23,1.6,0,1
240,36,Female,130198,15,304.87,24,1.3,1,1
241,43,Female,22356,27,449.95,9,4.3,9,1
242,20,Male,90326,31,299.97,3,4.9,9,1
243,36,Female,112447,15,244.14,19,2.6,3,0
244,37,Male,134994,23,183.38,20,1.4,0,1
245,49,Female,109899,24,471.42,5,1.3,7,1
246,24,Male,40049,44,59.7,10,4.6,8,1
247,58,Male,95717,13,466.83,17,2.9,3,0
248,50,Female,125361,22,416.82,15,2.3,9,1
249,57,Male,36082,43,82.37,23,2.9,2,0
250,56,Male,20661,37,291.19,25,2.3,1,1
251,35,Female,57412,33,435.94,8,3.0,4,0
252,57,Male,134015,3,294.47,15,4.4,2,0
253,18,Male,143191,19,455.46,21,3.4,9,1
254,28,Female,22920,23,472.63,14,3.8,6,0
255,45,Female,111194,29,222.74,20,2.5,5,0
256,42,Male,134306,30,201.11,28,4.0,0,0
257,40,Male,80315,39,469.43,7,3.7,7,1
258,48,Female,99561,44,344.07,21,1.5,1,1
259,47,Female,28946,47,75.69,23,3.3,4,0
260,59,Male,114242,25,40.3,12,2.0,8,1
261,52,Female,65500,37,291.02,17,4.2,7,1
262,24,Male,124540,47,466.48,17,2.7,1,0
263,33,Male,36309,8,425.24,10,5.0,8,1
264,43,Male,75230,42,344.41,29,1.4,4,1
265,19,Male,131822,16,86.78,19,4.1,9,1
266,18,Male,118656,8,142.03,14,3.7,5,0
267,29,Female,143782,1,440.25,11,4.1,2,0
268,22,Female,50027,44,107.75,2,2.2,2,1
269,54,Female,146768,5,153.65,18,3.0,9,1
270,49,Female,92541,3,82.21,7,4.2,7,1
271,26,Male,132340,1,344.53,12,1.9,9,1
272,58,Male,134846,4,473.11,26,1.9,9,1
273,52,Male,79321,40,149.1,2,3.2,1,1
274,36,Male,20956,35,248.2,27,3.1,1,0
275,33,Female,120375,32,324.48,20,2.1,4,1
276,20,Male,94131,42,499.74,18,2.2,5,1
277,37,Male,67908,34,70.31,6,2.1,1,1
278,41,Female,98339,43,259.31,24,4.1,4,0
279,50,Female,145659,25,204.86,10,3.6,6,0
280,41,Female,45963,10,435.59,20,4.3,9,1
281,28,Female,121757,21,248.46,15,4.9,9,1
282,25,Male,59443,46,73.27,5,2.9,7,1
283,53,Male,119259,39,324.52,20,1.3,6,1
284,55,Female,59063,27,389.97,3,1.2,7,1
285,57,Male,134225,27,21.38,5,2.2,8,1
286,37,Male,136400,2,432.3,25,4.7,4,0
287,52,Male,100818,41,109.29,8,3.1,4,0
288,42,Female,24703,48,284.99,8,2.1,9,1
289,52,Male,85128,13,219.58,8,2.6,3,0
290,42,Female,92099,9,365.43,12,3.4,8,1
291,46,Male,45849,36,198.16,24,3.6,4,0
292,35,Male,51860,22,437.49,23,1.6,1,1
293,63,Male,51585,42,370.64,8,4.9,9,1
294,35,Female,42015,26,330.9,11,3.2,7,1
295,19,Male,97539,12,402.2,14,1.5,6,1
296,52,Female,63585,17,381.93,8,4.6,7,1
297,33,Female,46958,14,37.25,29,1.3,2,1
298,58,Female,46017,14,209.47,24,4.6,3,0
299,53,Male,96707,34,466.79,28,5.0,4,0
300,50,Male,144677,20,80.35,10,3.8,5,0
301,21,Male,65350,11,373.81,7,4.1,0,1
302,50,Male,32201,16,487.8,28,2.3,3,1
303,31,Female,49426,31,45.06,17,4.8,9,1
304,38,Female,37778,6,347.45,4,3.1,4,1
305,37,Female,65241,19,244.71,29,3.9,6,0
306,25,Male,62229,37,298.0,13,4.7,4,0
307,24,Female,106652,4,60.96,4,4.9,0,1
308,20,Male,148267,47,40.64,5,4.3,6,1
309,34,Female,138402,4,340.1,26,2.2,7,1
310,50,Male,68364,20,415.19,22,4.9,6,0
311,29,Male,118833,10,395.37,4,3.5,3,1
312,39,Female,146503,24,281.03,18,4.7,7,1
313,39,Female,149044,35,67.94,6,3.7,4,1
314,63,Female,104878,26,350.26,24,2.2,9,1
315,47,Female,77056,37,136.11,24,2.5,8,1
316,55,Male,47490,38,457.31,23,3.2,9,1
317,55,Female,147769,21,422.37,22,4.2,4,0
318,62,Female,39975,40,360.5,2,2.3,0,1
319,25,Female,46723,39,475.45,23,3.3,8,1
320,44,Male,43279,21,35.08,11,2.4,4,1
321,44,Male,98301,10,373.38,28,4.3,5,0
322,51,Female,132214,38,178.52,14,2.9,3,0
323,38,Male,31561,46,454.91,5,1.3,5,1
324,47,Female,127435,4,148.0,6,1.7,7,1
325,50,Male,86061,45,367.93,10,1.2,2,1
326,45,Male,108397,20,441.27,8,3.0,4,0
327,64,Male,69153,17,40.0,14,1.4,1,1
328,50,Male,53142,7,210.87,24,1.5,1,1
329,22,Female,46916,4,385.91,3,4.8,6,1
330,36,Female,84324,29,238.36,12,4.5,9,1
331,21,Female,64965,14,148.28,16,2.8,9,1
332,52,Male,145932,3,125.51,28,4.9,9,1
333,34,Female,24648,24,83.13,23,1.0,5,1
334,61,Female,55133,37,431.42,17,3.5,3,0
335,45,Female,70677,16,296.17,1,3.5,4,1
336,47,Male,116059,4,56.66,23,2.8,0,0
337,46,Male,114588,24,203.64,10,2.6,6,0
338,63,Male,119950,34,196.51,25,2.8,7,1
339,23,Female,118317,30,107.23,23,2.7,8,1
340,52,Female,90135,18,229.04,10,3.9,7,1
341,58,Female,55046,19,179.41,21,1.5,4,1
342,54,Male,67064,31,184.07,24,1.8,2,1
343,41,Male,121459,19,374.73,2,1.7,9,1
344,46,Female,126625,49,127.17,9,2.0,8,1
345,63,Male,89350,46,328.09,22,3.1,5,0
346,48,Male,65893,19,293.91,13,1.4,4,1
347,52,Male,121520,22,292.68,25,4.5,2,0
348,50,Male,145818,24,338.24,16,2.2,5,1
349,38,Female,81272,45,283.22,18,1.7,2,1
350,49,Male,112152,12,442.04,19,3.7,9,1
351,40,Male,142907,30,344.28,12,1.2,5,1
352,50,Male,87649,38,282.54,8,3.5,3,0
353,20,Male,84674,31,418.29,17,3.8,1,0
354,35,Female,144132,36,310.95,15,1.9,7,1
355,42,Female,139044,19,159.75,10,1.2,3,1
356,59,Male,128542,48,119.41,15,2.5,8,1
357,48,Male,33760,45,93.12,15,1.4,6,1
358,20,Male,41927,36,451.74,23,1.5,1,1
359,57,Male,106475,30,360.87,7,2.0,3,1
360,63,Male,81367,49,469.94,13,2.2,4,1
361,41,Male,117955,33,309.58,17,3.1,2,0
362,49,Female,32588,18,247.23,9,3.7,8,1
363,64,Male,141750,49,48.66,8,3.4,4,0
364,39,Female,121678,28,342.39,20,1.6,1,1
365,40,Female,124734,47,299.46,26,1.7,2,1
366,19,Male,138154,11,495.3,27,4.5,8,1
367,44,Female,72233,45,134.8,21,3.2,6,0
368,59,Female,64738,33,274.75,18,4.5,1,0
369,19,Female,53397,17,332.46,13,2.5,8,1
370,43,Female,102189,6,329.4,16,3.5,3,0
371,34,Female,96367,4,289.42,9,3.1,8,1
372,57,Female,144873,20,392.93,12,2.3,1,1
373,50,Male,91260,48,118.39,12,2.9,9,1
374,26,Female,140585,47,368.3,6,3.0,3,1
375,60,Female,96619,27,317.47,19,1.8,4,1
376,56,Female,131453,15,450.12,28,2.3,1,1
377,46,Male,39816,6,426.65,7,4.2,9,1
378,59,Female,62240,47,171.27,25,4.7,0,0
379,43,Male,26276,14,152.59,3,2.4,6,1
380,52,Female,133939,11,491.19,16,2.2,9,1
381,42,Male,124199,39,273.09,18,1.8,0,1
382,41,Male,99530,9,455.08,16,3.7,7,1
383,30,Female,43499,26,98.66,23,2.3,2,1
384,24,Female,108576,16,328.55,7,5.0,9,1
385,53,Male,128856,5,408.73,4,2.3,5,1
386,62,Female,102495,10,474.75,27,2.6,6,0
387,37,Male,141717,3,181.92,25,3.4,9,1
388,18,Male,91635,13,367.99,8,4.2,0,0
389,25,Male,127803,43,278.63,13,2.9,5,0
390,63,Male,105112,49,49.1,13,2.7,6,0
391,33,Male,55946,30,351.2,17,5.0,5,0
392,31,Female,75204,45,351.25,17,1.0,3,1
393,29,Male,71886,6,466.69,5,4.6,0,1
394,40,Male,91652,17,258.71,6,1.6,8,1
395,32,Female,35563,45,130.52,19,4.1,3,0
396,45,Male,112324,19,41.39,13,3.5,6,0
397,51,Female,112464,42,219.51,25,2.4,6,1
398,19,Female,121872,35,164.92,28,4.5,1,0
399,49,Female,29847,46,385.32,26,1.1,0,1
400,40,Male,46155,26,190.05,14,1.9,7,1
401,39,Male,99671,5,475.55,22,3.3,7,1
402,42,Male,136891,29,481.91,4,2.4,6,1
403,39,Female,103310,37,318.04,28,3.4,7,1
404,39,Male,87278,20,465.76,7,1.1,2,1
405,59,Female,38309,49,385.21,8,1.5,1,1
406,23,Male,20619,21,282.49,25,1.5,6,1
407,32,Female,103194,10,106.55,13,1.8,7,1
408,60,Male,70108,5,240.13,27,2.8,0,0
409,54,Male,54707,36,289.22,6,4.0,9,1
410,50,Male,40337,6,434.7,6,4.6,8,1
411,25,Female,145261,26,251.04,24,4.3,3,0
412,61,Female,101537,4,450.88,28,1.8,3,1
413,61,Male,86504,39,343.69,21,2.8,2,0
414,22,Male,67614,39,85.76,3,1.8,5,1
415,56,Female,111428,35,497.59,28,2.1,0,1
416,21,Female,111155,1,273.07,3,3.0,5,1
417,23,Female,20281,24,208.09,13,1.3,1,1
418,62,Male,47420,36,336.37,22,1.9,8,1
419,49,Female,100896,6,72.27,2,4.7,1,1
420,47,Male,59030,41,325.54,16,2.9,6,0
421,64,Female,21058,46,259.15,22,2.8,0,0
422,52,Male,106213,44,215.2,29,1.1,6,1
423,57,Female,96260,31,477.45,6,2.0,4,1
424,33,Female,48404,20,270.82,8,4.5,7,1
425,30,Female,123482,24,125.18,23,1.7,3,1
426,59,Female,125284,25,240.3,8,2.7,9,1
427,47,Female,49856,36,461.31,25,1.1,6,1
428,36,Male,29200,21,104.53,6,2.9,5,1
429,34,Female,84178,30,122.7,14,1.1,4,1
430,36,Female,53997,24,26.25,3,4.3,3,1
431,45,Female,45611,44,26.81,10,4.3,6,0
432,43,Male,139273,42,418.11,3,4.2,4,1
433,54,Female,61235,30,371.42,27,2.1,4,1
434,43,Male,137428,22,190.42,12,4.3,0,0
435,40,Female,55057,28,355.19,17,3.2,1,0
436,26,Female,21239,7,209.7,27,2.5,4,0
437,29,Male,123674,35,477.39,29,3.5,2,0
438,18,Female,134474,28,484.19,5,1.0,1,1
439,18,Male,85661,14,208.54,20,1.6,3,1
440,64,Male,146945,10,430.03,25,4.0,3,0
441,51,Female,65272,16,391.08,9,2.0,3,1
442,49,Male,109393,16,168.8,21,3.4,3,0
443,42,Female,81212,31,131.38,26,2.5,2,0
444,57,Female,144088,42,239.95,20,4.4,6,0
445,62,Male,35398,25,395.05,7,4.8,8,1
446,18,Male,140030,13,480.88,22,4.5,4,0
447,33,Male,76503,6,386.52,4,2.1,3,1
448,56,Male,26638,44,430.5,13,1.8,1,1
449,22,Female,26570,9,309.47,13,2.9,1,0
450,39,Female,88785,45,421.0,10,1.0,4,1
451,46,Male,29110,36,396.52,18,1.1,6,1
452,20,Female,125899,43,200.95,17,3.2,9,1
453,29,Female,99141,20,284.96,20,3.1,9,1
454,43,Female,32115,18,406.28,20,5.0,8,1
455,33,Female,59062,43,42.11,13,1.8,6,1
456,54,Male,42911,21,407.88,17,2.0,4,1
457,39,Male,124061,4,105.39,22,1.5,9,1
458,46,Female,52556,33,267.05,4,4.7,9,1
459,31,Male,98131,27,407.97,1,4.1,9,1
460,45,Male,148335,7,141.83,1,4.3,5,1
461,22,Male,21969,6,137.99,15,4.6,2,0
462,64,Female,63753,15,213.33,13,3.1,4,0
463,47,Female,102811,18,449.43,17,2.8,7,1
464,63,Female,24470,32,20.21,24,2.3,0,1
465,22,Male,141863,11,452.66,26,3.4,0,0
466,29,Female,30225,20,93.83,8,2.8,6,0
467,33,Female,127860,24,495.24,18,2.8,4,0
468,43,Male,143008,15,478.33,27,4.7,4,0
469,43,Female,127510,48,257.44,13,4.9,0,0
470,38,Female,128295,7,266.11,23,4.2,8,1
471,56,Male,43196,21,251.14,14,4.0,0,0
472,53,Male,125823,42,325.01,8,3.7,4,0
473,50,Male,33669,26,63.55,8,1.7,9,1
474,47,Female,57380,44,35.66,27,1.2,8,1
475,54,Female,144398,14,47.7,26,3.8,3,0
476,40,Female,130677,37,233.3,15,3.9,7,1
477,27,Male,135886,21,152.26,27,1.2,5,1
478,22,Male,146753,18,318.58,13,4.7,2,0
479,53,Female,68320,5,496.37,7,1.4,3,1
480,51,Female,67414,3,205.44,5,2.1,1,1
481,48,Male,123542,23,295.44,17,3.7,0,0
482,27,Male,35577,26,219.49,28,1.7,7,1
483,36,Male,145354,37,426.69,25,1.2,0,1
484,49,Male,108009,24,453.07,29,2.3,0,1
485,18,Female,146365,49,441.13,16,4.1,3,0
486,22,Male,75409,19,487.7,23,2.7,9,1
487,62,Female,48625,25,33.21,2,3.6,9,1
488,21,Female,101040,21,423.11,22,3.3,5,0
489,33,Female,44089,12,380.85,18,1.1,8,1
490,41,Male,56487,41,129.77,17,5.0,0,0
491,33,Male,85838,33,479.03,7,1.2,6,1
492,19,Male,116999,4,91.13,13,4.9,9,1
493,45,Male,130448,42,346.18,18,3.2,4,0
494,49,Female,114795,7,127.95,29,4.9,7,1
495,44,Male,70138,22,227.06,14,1.5,6,1
496,37,Male,62823,33,365.2,18,3.0,3,0
497,41,Female,57208,17,290.4,13,1.7,3,1
498,29,Male,74061,24,225.2,11,1.2,5,1
499,52,Female,50659,34,176.64,21,3.5,5,0
500,50,Female,149824,28,423.04,21,1.8,8,1
501,50,Female,121376,43,89.03,16,3.4,4,0
502,60,Female,51890,41,226.45,23,1.4,7,1
503,54,Female,99134,39,453.8,17,2.3,4,1
504,29,Female,67055,22,426.01,8,4.1,1,0
505,20,Female,132269,49,212.45,19,2.7,5,0
506,18,Female,39508,17,386.29,20,3.5,8,1
507,50,Male,62287,34,415.12,15,3.6,2,0
508,57,Male,98916,6,446.67,9,4.4,0,0
509,27,Male,46984,46,281.36,20,2.3,0,1
510,60,Male,130169,6,118.14,10,3.7,2,0
511,61,Female,28125,34,142.55,12,4.8,9,1
512,46,Male,56059,1,161.93,21,3.9,4,0
513,30,Female,89569,10,305.03,23,3.0,2,0
514,29,Male,123409,21,35.75,20,3.5,8,1
515,48,Male,37087,5,325.3,1,4.0,7,1
516,63,Male,126437,2,194.89,25,3.4,2,0
517,19,Female,135262,22,161.72,20,1.1,8,1
518,52,Male,25704,48,442.16,9,1.8,5,1
519,40,Female,80576,2,240.8,22,4.2,6,0
520,34,Female,93384,10,65.63,15,2.1,3,1
521,43,Male,107128,34,416.84,1,3.9,3,1
522,25,Male,131279,16,42.87,12,2.5,1,0
523,46,Male,92460,48,368.84,3,3.1,4,1
524,43,Female,47208,39,391.47,11,1.3,7,1
525,27,Male,138516,22,189.25,2,1.7,6,1
526,43,Female,149612,12,415.9,16,4.8,6,0
527,51,Female,105150,24,267.52,9,4.6,5,0
528,58,Male,86024,47,242.38,15,3.6,2,0
529,24,Male,59882,40,41.79,12,2.8,4,0
530,21,Female,45923,38,159.21,1,3.7,0,1
531,62,Female,146561,10,466.88,13,3.5,6,0
532,28,Female,134044,35,208.08,14,3.3,8,1
533,46,Male,121477,49,282.42,25,1.2,0,1
534,53,Female,49165,32,275.37,25,3.5,1,0
535,42,Male,87203,7,303.41,8,4.1,2,0
536,38,Female,111749,21,49.44,8,5.0,2,0
537,53,Female,24114,20,193.84,27,1.0,7,1
538,27,Male,84965,26,367.1,12,3.9,6,0
539,54,Female,56321,4,116.27,1,3.3,5,1
540,26,Male,93297,46,117.72,11,2.7,9,1
541,41,Male,116652,22,24.84,8,1.5,9,1
542,52,Female,119304,15,229.99,10,2.6,3,0
543,52,Male,133942,40,443.71,19,2.4,8,1
544,53,Male,45426,21,44.91,11,2.2,0,1
545,35,Female,37772,15,111.74,7,3.9,1,1
546,56,Male,123754,22,168.84,11,3.8,3,0
547,49,Male,23712,28,371.23,17,3.4,2,0
548,41,Male,21367,14,327.51,1,4.8,0,1
549,40,Female,126493,27,219.65,26,2.4,4,1
550,49,Male,127317,41,384.35,29,2.0,6,1
551,54,Female,135142,40,312.62,21,3.6,1,0
552,29,Female,111736,28,450.1,21,1.8,4,1
553,30,Male,71924,26,412.65,8,2.3,5,1
554,40,Male,23726,49,141.35,23,1.9,6,1
555,42,Male,109152,2,150.29,24,1.3,0,1
556,52,Female,47723,25,80.17,6,4.3,6,1
557,58,Male,146969,3,181.74,22,2.0,3,1
558,47,Male,123110,8,499.78,18,2.9,7,1
559,34,Male,120494,44,214.76,6,1.2,3,1
560,37,Male,29108,33,125.83,5,3.8,5,1
561,42,Male,97714,42,385.99,13,2.3,8,1
562,39,Female,55643,35,280.39,19,4.0,4,0
563,30,Female,51324,6,91.81,22,2.6,3,0
564,36,Male,123896,39,202.73,8,1.8,7,1
565,53,Male,103360,23,218.95,9,3.1,8,1
566,29,Male,130896,25,381.84,17,1.5,3,1
567,58,Male,28927,43,29.92,3,2.8,2,1
568,36,Female,113680,19,149.13,19,2.3,7,1
569,29,Male,116546,5,268.45,11,4.6,4,0
570,26,Female,42443,11,149.05,24,1.2,1,1
571,24,Female,99973,12,321.65,17,3.8,9,1
572,45,Male,83449,10,251.3,21,1.7,8,1
573,31,Female,129834,8,193.62,19,2.3,2,1
574,48,Female,125314,24,475.62,2,2.7,1,1
575,36,Female,96743,28,323.44,8,4.6,0,0
576,64,Female,141805,41,82.37,19,2.0,7,1
577,33,Male,80233,36,288.84,7,1.4,2,1
578,22,Male,45537,37,394.75,28,2.3,6,1
579,52,Female,121293,21,360.08,27,1.4,0,1
580,29,Male,97576,8,102.6,17,1.5,0,1
581,42,Male,127522,9,486.76,6,3.3,8,1
582,38,Male,42612,47,235.43,19,1.2,7,1
583,53,Male,113977,15,96.33,24,1.1,2,1
584,40,Male,26471,48,106.49,6,3.9,5,1
585,33,Female,55631,46,67.15,28,2.4,2,1
586,56,Male,148449,40,405.69,2,1.5,3,1
587,62,Male,128997,18,78.57,6,2.0,0,1
588,59,Male,112059,42,80.06,23,3.6,4,0
589,56,Male,51348,20,428.23,5,2.1,0,1
590,31,Female,84732,6,185.41,19,3.0,0,0
591,48,Female,21177,12,34.81,20,1.5,9,1
592,22,Female,24760,2,44.91,4,3.4,6,1
593,52,Female,52779,7,88.24,22,2.3,5,1
594,40,Male,41636,16,122.43,26,3.5,1,0
595,46,Female,101889,3,339.27,17,4.2,1,0
596,60,Male,73551,45,95.52,11,3.4,6,0
597,28,Male,31556,3,77.06,4,2.2,0,1
598,35,Male,47598,27,387.07,26,2.0,1,1
599,64,Male,31563,43,342.11,13,2.3,7,1
600,29,Male,66819,40,228.96,20,1.7,5,1
601,26,Female,129326,38,283.67,26,1.7,1,1
602,27,Female,93770,33,169.75,17,4.2,6,0
603,61,Female,111055,28,251.6,9,2.5,3,0
604,34,Female,46966,1,263.2,4,2.7,1,1
605,55,Male,140133,8,205.87,23,3.4,5,0
606,24,Female,101709,37,455.15,28,3.4,8,1
607,63,Male,79889,32,27.71,14,1.3,8,1
608,30,Female,46987,48,395.44,19,4.3,7,1
609,57,Male,98714,43,79.7,26,1.7,2,1
610,59,Male,124874,37,402.82,28,3.9,2,0
611,26,Female,78348,4,315.64,3,4.1,1,1
612,44,Male,44596,30,424.77,14,3.9,4,0
613,19,Male,53174,6,66.81,8,3.3,3,0
614,22,Female,84106,46,288.31,24,1.1,6,1
615,46,Male,127510,19,260.52,27,2.4,3,1
616,54,Female,89967,32,358.97,28,3.4,8,1
617,55,Female,79182,9,276.46,1,2.5,1,1
618,36,Female,113300,12,279.55,10,4.5,5,0
619,25,Male,107163,11,226.21,18,2.2,6,1
620,62,Male,59310,46,168.24,16,2.2,3,1
621,18,Male,76088,16,251.49,8,2.1,5,1
622,39,Female,148803,1,76.88,1,2.3,6,1
623,34,Male,28906,45,481.53,12,3.2,3,0
624,24,Female,56914,21,362.92,8,3.8,7,1
625,42,Female,130350,30,477.18,24,3.7,8,1
626,62,Male,65379,13,128.83,16,4.2,0,0
627,21,Female,98612,34,442.08,18,4.5,6,0
628,53,Male,134828,4,408.22,4,4.3,8,1
629,23,Male,147445,28,345.03,6,1.1,9,1
630,48,Male,57650,38,320.01,12,3.9,4,0
631,36,Male,66881,31,171.94,27,1.8,1,1
632,61,Male,66413,27,411.88,9,1.5,9,1
633,56,Female,26012,5,260.73,15,3.6,5,0
634,44,Female,70115,25,54.03,16,2.3,6,1
635,27,Female,27151,3,170.17,24,1.2,1,1
636,43,Male,77716,33,468.94,12,1.6,1,1
637,36,Male,113747,4,428.33,24,1.0,9,1
638,56,Male,112653,25,491.31,23,4.6,9,1
639,20,Female,56378,20,321.44,14,1.1,0,1
640,62,Male,62652,34,138.8,13,1.8,3,1
641,30,Female,92430,26,98.15,25,2.7,6,0
642,45,Female,33467,5,109.72,2,2.4,8,1
643,37,Male,51010,35,29.5,3,4.6,2,1
644,45,Male,148647,28,207.53,26,1.2,6,1
645,25,Female,141999,29,111.89,24,3.0,6,0
646,58,Male,134793,9,217.59,22,3.7,6,0
647,56,Female,74691,38,468.8,10,4.7,1,0
648,18,Male,84157,6,226.66,9,3.5,5,0
649,20,Male,128177,19,441.43,26,4.2,1,0
650,30,Female,32289,44,310.64,20,1.3,5,1
651,45,Male,64976,11,138.62,8,2.5,9,1
652,42,Female,63596,2,190.81,10,2.5,2,0
653,50,Male,43171,47,60.28,19,4.5,1,0
654,55,Female,120441,44,180.06,3,1.6,5,1
655,23,Female,146296,44,345.22,24,1.6,1,1
656,61,Male,106365,9,54.61,5,2.3,4,1
657,62,Female,138218,21,118.59,3,1.2,1,1
658,49,Male,119590,24,203.09,26,1.7,2,1
659,62,Male,134014,34,491.38,27,4.9,2,0
660,64,Male,64139,22,396.73,16,2.7,5,0
661,38,Female,68713,3,372.07,17,3.5,5,0
662,33,Female,49734,12,75.77,15,3.9,9,1
663,38,Male,92588,28,394.88,3,2.5,2,1
664,28,Male,83646,30,396.93,12,1.6,2,1
665,54,Female,23654,26,308.53,9,1.8,0,1
666,53,Male,109022,48,495.37,21,2.3,6,1
667,52,Male,38743,21,176.12,12,3.5,7,1
668,36,Female,68368,28,471.81,26,2.6,1,0
669,37,Male,110025,26,459.07,15,1.0,3,1
670,35,Female,94172,33,25.51,2,3.1,9,1
671,64,Male,26441,21,236.06,23,4.7,6,0
672,58,Female,139735,35,489.01,18,4.2,7,1
673,31,Male,44611,34,69.5,20,4.3,0,0
674,32,Male,139891,41,282.94,12,4.2,3,0
675,48,Female,127971,47,489.9,23,2.3,5,1
676,18,Male,32149,18,286.64,4,4.1,2,1
677,20,Female,120102,11,111.11,23,1.6,4,1
678,33,Male,79189,23,299.45,16,3.6,9,1
679,40,Female,127904,48,118.13,23,3.6,8,1
680,28,Female,41675,22,269.46,16,1.1,2,1
681,29,Female,91031,17,55.54,1,4.2,4,1
682,27,Female,62668,5,310.63,22,4.6,7,1
683,49,Male,33673,44,268.06,25,2.1,5,1
684,33,Male,149582,11,375.28,2,4.2,3,1
685,25,Female,96666,30,322.74,3,1.3,7,1
686,55,Female,108204,15,283.81,26,3.4,2,0
687,29,Female,100758,27,351.09,21,2.9,2,0
688,41,Male,85429,35,89.09,25,3.2,3,0
689,45,Male,43669,33,305.77,20,4.7,8,1
690,25,Male,54068,20,102.61,17,4.5,4,0
691,45,Male,108789,16,464.25,20,4.1,7,1
692,53,Female,29435,34,52.8,22,2.1,5,1
693,43,Female,114088,2,226.58,21,4.6,2,0
694,25,Female,72249,35,353.98,29,1.4,7,1
695,45,Male,57384,40,239.85,1,4.4,8,1
696,45,Male,148782,28,64.21,20,2.3,7,1
697,54,Male,101929,47,285.62,6,1.2,3,1
698,58,Female,147959,39,327.98,29,3.7,5,0
699,53,Female,96153,6,357.82,15,1.9,0,1
700,44,Male,124056,9,199.16,26,2.0,3,1
701,34,Female,95388,20,290.56,26,2.2,7,1
702,26,Male,51401,1,236.33,14,1.3,0,1
703,50,Male,145511,8,342.59,20,1.7,2,1
704,37,Female,91831,23,300.11,15,1.0,0,1
705,30,Male,139503,3,272.36,14,2.8,8,1
706,45,Female,135760,4,139.77,25,1.3,1,1
707,46,Male,121529,25,20.97,21,3.7,8,1
708,30,Female,147834,47,103.56,24,1.9,3,1
709,63,Female,54084,38,76.19,25,4.8,1,0
710,52,Female,140387,15,235.56,26,4.5,3,0
711,23,Male,130641,21,313.88,5,2.2,9,1
712,35,Male,125111,35,122.28,6,4.1,5,1
713,22,Female,75826,46,470.75,17,4.2,6,0
714,64,Female,56451,14,23.21,11,4.9,2,0
715,42,Male,27227,36,390.7,16,3.4,2,0
716,19,Male,51910,12,320.1,12,1.3,9,1
717,27,Male,56041,17,199.31,15,3.6,7,1
718,47,Female,108920,39,44.23,23,3.5,4,0
719,62,Male,85681,9,321.19,4,3.6,3,1
720,22,Male,123314,35,205.09,27,2.2,6,1
721,50,Female,101571,13,469.41,18,4.4,6,0
722,18,Male,85481,15,280.16,21,4.8,8,1
723,35,Male,88576,18,471.03,28,1.9,8,1
724,49,Male,127958,33,125.83,3,1.4,4,1
725,64,Female,149265,6,368.35,22,1.8,7,1
726,28,Female,147556,27,316.28,8,4.3,9,1
727,38,Female,84174,23,374.92,23,3.7,0,0
728,43,Female,46160,27,123.04,3,3.5,8,1
729,42,Female,135170,34,339.2,8,2.6,7,1
730,39,Female,137867,46,259.06,18,3.3,5,0
731,44,Female,37633,38,376.56,10,2.2,2,1
732,30,Male,114880,14,176.98,25,2.9,2,0
733,50,Male,37014,36,447.23,20,4.2,7,1
734,51,Female,100532,8,60.46,17,4.9,4,0
735,58,Male,69104,35,407.45,8,4.7,9,1
736,52,Male,61621,19,433.43,23,4.7,6,0
737,18,Female,97231,30,412.28,11,2.6,4,0
738,38,Male,88388,14,266.11,29,2.9,7,1
739,23,Male,36014,20,230.42,5,3.8,9,1
740,45,Male,112578,49,498.21,26,4.7,9,1
741,34,Male,53755,25,130.0,13,1.6,3,1
742,22,Male,60390,40,282.5,21,2.2,1,1
743,48,Female,43711,24,341.92,23,1.6,2,1
744,22,Female,111658,14,356.42,5,3.4,7,1
745,55,Female,77993,26,117.93,24,2.2,6,1
746,20,Male,94696,38,333.92,27,2.3,1,1
747,40,Female,47213,23,412.82,13,1.3,5,1
748,54,Male,135788,22,44.01,6,2.4,8,1
749,54,Male,124956,48,457.53,29,4.4,3,0
750,27,Male,77784,19,34.16,5,1.9,8,1
751,27,Male,27421,46,190.87,9,3.8,1,0
752,36,Female,106936,3,27.59,27,3.5,1,0
753,34,Female,119073,42,57.03,16,4.5,8,1
754,38,Male,37727,19,457.36,2,1.5,6,1
755,31,Female,132418,9,190.33,1,4.9,6,1
756,26,Male,24358,28,223.89,8,3.3,0,0
757,63,Female,85108,20,123.37,28,5.0,5,0
758,18,Female,146609,45,306.61,19,4.6,6,0
759,62,Male,114018,7,305.51,11,1.9,5,1
760,30,Female,144457,14,198.66,28,1.2,5,1
761,21,Male,52117,9,179.86,12,2.0,1,1
762,18,Female,108700,19,444.78,12,3.1,5,0
763,57,Male,51910,47,203.98,7,1.7,3,1
764,49,Male,146888,14,256.88,26,1.7,8,1
765,51,Female,118032,38,155.99,13,2.9,0,0
766,45,Female,75754,36,397.65,27,1.1,7,1
767,48,Male,82438,40,210.78,8,1.5,4,1
768,25,Female,129847,17,266.53,29,2.7,0,0
769,56,Female,49371,30,141.61,29,1.3,3,1
770,43,Male,71501,9,494.08,22,2.6,0,0
771,51,Male,80946,33,159.92,28,2.9,5,0
772,20,Female,58467,25,389.96,26,2.8,1,0
773,29,Male,37625,14,225.2,9,4.5,4,0
774,18,Male,53893,11,118.98,7,3.1,6,1
775,61,Male,96329,35,403.87,26,2.9,1,0
776,22,Female,51007,41,180.13,21,2.6,5,0
777,47,Female,111302,14,435.29,24,4.3,5,0
778,47,Male,59532,30,459.32,15,4.6,4,0
779,34,Female,74253,41,432.72,2,4.4,4,1
780,64,Male,32323,4,36.8,23,3.7,2,0
781,40,Female,131335,4,397.94,20,1.5,9,1
782,32,Male,132356,28,217.44,25,2.1,9,1
783,54,Male,130944,8,439.39,12,1.2,1,1
784,38,Female,93379,2,326.22,1,4.7,6,1
785,31,Male,34210,41,420.15,23,3.6,0,0
786,19,Female,36456,46,259.73,22,4.0,5,0
787,28,Female,51367,22,276.81,8,2.2,5,1
788,56,Male,74624,41,89.31,5,4.4,2,1
789,55,Male,30106,16,396.31,15,2.0,1,1
790,51,Female,123493,29,221.31,1,1.0,1,1
791,55,Male,88008,49,260.04,1,2.5,8,1
792,51,Male,145926,48,396.85,25,3.3,4,0
793,35,Male,135395,30,307.45,10,2.9,6,0
794,47,Male,136492,12,116.53,22,4.4,4,0
795,32,Male,92240,35,303.31,10,1.4,6,1
796,44,Female,84315,11,215.66,21,3.2,3,0
797,51,Female,89249,46,245.37,15,3.1,7,1
798,55,Male,90587,21,33.59,17,2.1,9,1
799,50,Male,30756,21,120.81,22,4.3,9,1
800,41,Male,88011,5,154.9,6,4.0,6,1
801,32,Female,56378,48,362.22,3,3.9,9,1
802,47,Male,24255,20,25.52,13,4.5,4,0
803,59,Female,34484,37,216.21,16,3.9,5,0
804,34,Female,145703,3,463.53,8,1.9,4,1
805,22,Female,76549,44,73.7,15,3.8,6,0
806,46,Male,54503,33,267.88,17,2.2,1,1
807,21,Female,144465,9,397.53,17,2.0,4,1
808,27,Male,93794,9,472.42,22,1.3,9,1
809,34,Female,145941,4,378.45,26,4.0,2,0
810,27,Male,126283,35,365.87,13,3.8,8,1
811,34,Female,120732,17,416.71,17,1.9,5,1
812,37,Male,65113,34,234.18,6,4.0,9,1
813,41,Female,125730,24,406.81,17,4.7,2,0
814,22,Male,94069,32,23.82,16,1.4,6,1
815,51,Male,118117,1,463.79,14,1.9,3,1
816,23,Male,25249,8,232.79,13,4.0,2,0
817,19,Male,145654,45,285.62,6,2.1,7,1
818,30,Female,139979,23,142.34,3,3.5,3,1
819,60,Female,39201,47,376.41,14,1.3,0,1
820,60,Male,145541,40,56.79,14,2.8,5,0
821,28,Female,78576,12,438.87,15,4.0,9,1
822,64,Male,138562,12,417.5,8,3.7,0,0
823,40,Male,145281,46,123.71,29,4.3,4,0
824,33,Female,29686,47,408.48,15,4.5,6,0
825,48,Male,132413,15,397.45,22,4.1,5,0
826,28,Male,73363,41,323.46,29,3.7,1,0
827,33,Female,117543,19,199.29,27,1.1,3,1
828,25,Male,20661,26,150.32,13,3.1,1,0
829,21,Male,64843,29,131.26,17,1.2,0,1
830,57,Male,115673,22,172.93,21,4.2,2,0
831,21,Male,80963,40,453.71,24,2.3,2,1
832,42,Female,133092,21,57.27,3,3.2,6,1
833,20,Female,62828,38,417.86,28,2.1,0,1
834,49,Female,68604,20,187.47,6,4.1,8,1
835,20,Male,30526,29,270.37,5,4.5,5,1
836,44,Male,88910,4,401.35,22,2.6,3,0
837,46,Female,45592,7,444.5,26,4.5,2,0
838,49,Male,48982,28,185.5,17,2.1,2,1
839,36,Male,20207,28,241.68,23,3.1,1,0
840,38,Male,120969,4,218.97,25,4.4,1,0
841,22,Male,137181,22,26.36,2,2.3,9,1
842,35,Female,108733,12,162.05,26,4.8,4,0
843,45,Female,118936,45,240.41,15,1.5,8,1
844,59,Female,144982,3,217.32,5,1.1,1,1
845,39,Male,145839,22,366.53,26,4.6,1,0
846,38,Female,88619,44,204.71,20,1.3,5,1
847,23,Female,49328,2,254.9,6,5.0,9,1
848,18,Male,66479,24,226.21,6,4.8,1,1
849,22,Male,128427,34,375.5,27,1.5,3,1
850,58,Female,40103,27,434.23,18,3.2,5,0
851,29,Female,59891,41,275.31,18,1.7,4,1
852,43,Female,30754,1,398.93,4,2.7,0,1
853,63,Female,119983,8,162.46,17,1.2,5,1
854,51,Male,101437,23,279.86,25,1.9,0,1
855,31,Female,118540,38,185.71,14,2.5,2,0
856,43,Female,92982,6,218.82,14,2.8,9,1
857,62,Male,122747,22,371.56,13,4.9,4,0
858,44,Female,75922,25,443.2,7,4.2,9,1
859,26,Male,68231,18,78.32,12,3.9,4,0
860,43,Male,49301,17,324.63,23,3.1,9,1
861,64,Male,111652,12,299.43,15,4.4,5,0
862,39,Female,140787,6,76.84,19,2.4,9,1
863,64,Female,146823,26,121.71,11,3.8,7,1
864,47,Male,82711,27,169.28,15,5.0,4,0
865,60,Female,61323,8,100.13,12,2.3,0,1
866,34,Female,38752,19,136.99,3,3.7,4,1
867,43,Male,117912,42,148.45,17,4.4,2,0
868,53,Male,102205,1,181.12,3,4.7,3,1
869,18,Female,118452,29,379.71,19,3.9,7,1
870,25,Male,33395,45,294.52,20,2.1,6,1
871,52,Female,105957,49,493.4,4,2.3,4,1
872,32,Female,141237,35,219.07,3,1.1,1,1
873,64,Female,76273,40,381.86,26,4.0,5,0
874,39,Female,147431,14,438.3,16,1.2,5,1
875,31,Male,111878,35,345.91,12,4.5,9,1
876,43,Male,24895,48,217.7,8,1.5,9,1
877,45,Male,139968,45,381.73,24,1.7,5,1
878,40,Male,135700,20,117.76,29,2.9,8,1
879,31,Female,96559,49,177.23,29,4.0,7,1
880,41,Female,30699,13,282.41,17,1.6,7,1
881,19,Male,85061,38,296.2,7,2.8,0,1
882,62,Female,29715,49,30.63,11,2.9,4,0
883,43,Female,39169,46,473.65,18,1.8,6,1
884,31,Female,145436,49,354.38,1,1.5,5,1
885,24,Male,138413,8,257.94,3,4.3,4,1
886,20,Male,36163,43,467.9,4,3.0,7,1
887,64,Male,139264,20,230.77,13,1.1,2,1
888,40,Female,25782,33,490.61,6,4.2,5,1
889,63,Male,108177,26,265.9,26,4.9,4,0
890,60,Male,149772,39,74.86,14,3.4,7,1
891,64,Male,144481,21,387.1,5,3.0,3,1
892,62,Male,104328,49,345.87,16,4.5,7,1
893,35,Male,135028,42,391.03,15,4.8,9,1
894,55,Male,55585,43,476.69,15,4.0,1,0
895,52,Female,50682,41,392.71,4,2.8,8,1
896,32,Female,67864,9,313.44,8,3.4,8,1
897,42,Male,149992,24,431.51,27,3.8,9,1
898,54,Male,104416,37,343.16,16,1.8,9,1
899,45,Female,75114,49,215.9,28,2.8,5,0
900,27,Female,147810,41,445.1,16,4.3,3,0
901,56,Male,58067,17,126.51,4,3.6,3,1
902,34,Male,62685,24,363.03,13,2.6,5,0
903,56,Male,142262,21,443.15,26,3.7,4,0
904,39,Male,38073,39,371.03,28,1.5,5,1
905,43,Female,56035,41,354.69,13,2.6,6,0
906,61,Male,84977,39,381.27,2,4.2,6,1
907,42,Male,122710,13,243.23,3,1.9,8,1
908,34,Male,110373,11,439.6,22,1.7,7,1
909,30,Male,103362,46,117.65,8,4.8,5,0
910,37,Female,110517,19,81.15,24,1.8,5,1
911,42,Female,85450,11,157.04,15,2.0,4,1
912,21,Female,30382,13,275.16,11,4.9,0,0
913,27,Male,24437,46,265.07,9,3.9,8,1
914,20,Male,90971,45,413.89,7,3.8,8,1
915,58,Female,84612,1,214.19,13,4.4,8,1
916,62,Male,110355,40,252.49,2,1.5,7,1
917,35,Male,81929,44,26.42,8,3.8,9,1
918,64,Female,122411,19,216.67,7,3.0,2,1
919,53,Female,117518,12,330.93,24,4.3,0,0
920,64,Female,118864,8,27.44,12,3.0,7,1
921,39,Female,32329,8,154.82,19,3.5,6,0
922,51,Male,145605,45,119.82,7,2.9,4,1
923,64,Male,45169,12,40.15,10,2.9,9,1
924,25,Female,107468,48,250.04,29,4.1,6,0
925,57,Male,54594,33,107.23,25,3.5,9,1
926,61,Female,96957,45,376.68,16,3.5,3,0
927,36,Female,80631,26,427.01,3,2.8,8,1
928,59,Male,65033,39,281.88,10,3.1,9,1
929,58,Female,83133,28,491.22,6,4.0,1,1
930,54,Male,93165,5,236.23,18,4.3,8,1
931,23,Male,93861,8,266.42,18,3.8,8,1
932,43,Male,72290,25,494.82,5,4.7,4,1
933,51,Male,114031,27,131.14,21,4.3,0,0
934,62,Female,51750,46,472.42,29,3.2,6,0
935,23,Male,115155,23,40.56,7,3.7,9,1
936,54,Female,60461,30,234.27,28,4.7,9,1
937,50,Female,93800,45,53.6,2,3.5,3,1
938,39,Female,98222,47,370.03,11,4.3,8,1
939,38,Female,132020,23,312.04,13,3.8,5,0
940,23,Male,44226,49,359.18,23,3.2,2,0
941,23,Male,26721,47,199.75,5,2.0,5,1
942,21,Female,76154,20,197.35,6,2.7,9,1
943,47,Female,40609,18,41.75,24,4.9,5,0
944,28,Male,72130,18,187.97,26,3.6,4,0
945,47,Female,92909,2,466.06,29,3.3,1,0
946,48,Male,124211,4,202.03,14,4.7,9,1
947,41,Female,75249,30,419.06,12,3.3,9,1
948,26,Male,68895,33,424.32,4,3.1,1,1
949,20,Female,114473,36,199.16,29,4.0,6,0
950,48,Female,25656,18,323.35,23,3.9,1,0
951,57,Male,144865,37,65.78,6,1.8,5,1
952,54,Female,94520,19,69.77,10,2.9,4,0
953,53,Female,83740,47,43.36,18,2.9,3,0
954,41,Male,84309,28,298.89,15,2.5,6,0
955,48,Female,49984,40,224.51,8,3.1,7,1
956,23,Male,138947,20,283.06,26,2.7,3,0
957,19,Male,93822,49,270.12,9,1.8,0,1
958,37,Female,25901,33,188.1,5,2.6,0,1
959,45,Female,51552,12,345.19,10,1.3,0,1
960,28,Female,111245,15,384.08,20,3.3,0,0
961,21,Female,51055,41,27.02,6,4.4,4,1
962,32,Female,57685,39,119.48,16,3.9,3,0
963,23,Female,93965,2,362.35,24,2.4,8,1
964,47,Female,34716,29,205.58,27,1.3,2,1
965,55,Male,134099,41,337.99,3,1.8,6,1
966,19,Female,31138,10,186.54,10,3.2,7,1
967,32,Male,55298,2,207.56,11,1.8,5,1
968,28,Female,71112,11,96.17,11,3.2,9,1
969,25,Female,43429,13,143.95,17,1.9,0,1
970,43,Male,70200,10,310.6,4,4.4,7,1
971,62,Female,91308,14,227.92,4,2.6,9,1
972,61,Female,68244,18,391.67,17,2.0,2,1
973,22,Male,137217,9,429.24,9,4.2,7,1
974,23,Female,134055,39,279.99,19,2.4,3,1
975,43,Female,121268,28,383.97,5,1.4,7,1
976,21,Female,125441,3,167.31,22,3.3,0,0
977,36,Male,37347,20,219.19,24,3.3,2,0
978,37,Female,36920,6,362.13,6,3.9,5,1
979,50,Female,51822,27,205.38,3,2.0,8,1
980,37,Female,66659,2,302.48,22,2.8,1,0
981,29,Female,60108,29,108.98,1,2.1,0,1
982,64,Male,148955,38,307.89,20,1.3,9,1
983,18,Male,109099,3,433.53,22,4.5,2,0
984,43,Female,27967,16,436.95,16,3.9,3,0
985,31,Female,130719,30,367.69,23,2.2,4,1
986,55,Male,31871,40,377.96,11,3.4,2,0
987,54,Male,114299,2,287.81,13,1.8,9,1
988,28,Female,97452,17,300.64,27,4.6,1,0
989,53,Male,94270,41,84.15,10,1.5,1,1
990,30,Female,53613,12,233.05,3,1.0,6,1
991,60,Male,48179,35,236.37,9,3.0,8,1
992,20,Male,140465,43,480.08,28,3.3,9,1
993,50,Male,72188,1,226.92,12,3.3,1,0
994,23,Male,75099,45,283.68,23,1.2,6,1
995,27,Female,55262,15,275.96,14,2.3,6,1
996,22,Male,98213,26,325.65,1,3.0,6,1
997,40,Male,137407,37,379.15,18,1.9,2,1
998,27,Female,38268,21,128.02,17,4.5,6,0
999,61,Male,97866,49,273.79,27,1.3,0,1
1000,19,Male,106269,31,416.44,9,2.9,9,1
