Customer_ID,Age,Gender,Annual_Income,Total_Purchases,Average_Order_Value,Website_Visits,Customer_Satisfaction,Previous_Returns,Churn,Total_Spending,Income_Per_Purchase
1,56,Male,49241,2,243.97,21,1.8,9,1,487.94,24620.5
2,46,Female,116214,23,412.03,26,1.3,9,1,9476.689999999999,5052.782608695652
3,32,Female,64569,19,52.34,14,4.5,0,0,994.46,3398.3684210526317
4,60,Female,31745,31,205.95,13,2.7,1,0,6384.45,1024.032258064516
5,25,Male,46029,5,428.88,27,3.0,4,0,2144.4,9205.8
6,38,Male,33025,19,213.87,4,4.7,2,1,4063.53,1738.157894736842
7,56,Male,121660,34,57.26,7,4.1,1,1,1946.84,3578.235294117647
8,36,Male,143395,10,280.42,22,1.5,0,1,2804.2000000000003,14339.5
9,40,Male,34288,25,433.64,10,3.3,9,1,10841.0,1371.52
10,28,Male,109186,2,303.34,7,2.8,2,1,606.68,54593.0
11,28,Male,26540,11,128.61,21,4.2,0,0,1414.71,2412.7272727272725
12,41,Male,117768,31,204.44,15,3.9,0,0,6337.64,3798.967741935484
13,53,Female,101958,15,236.06,15,3.8,0,0,3540.9,6797.2
14,57,Female,88878,9,298.05,4,2.4,7,1,2682.4500000000003,9875.333333333334
15,41,Male,61846,23,384.49,23,4.2,2,0,8843.27,2688.9565217391305
16,20,Male,121148,19,67.46,23,1.2,0,1,1281.7399999999998,6376.210526315789
17,39,Female,95932,9,447.03,6,1.6,6,1,4023.2699999999995,10659.111111111111
18,19,Male,37482,35,25.91,24,2.3,9,1,906.85,1070.9142857142858
19,41,Male,43411,21,197.63,20,1.3,2,1,4150.23,2067.190476190476
20,61,Male,70975,9,33.16,26,1.9,7,1,298.43999999999994,7886.111111111111
21,47,Female,80545,28,208.63,5,4.3,3,1,5841.639999999999,2876.6071428571427
22,55,Female,132302,46,272.39,20,4.8,3,0,12529.939999999999,2876.1304347826085
23,19,Female,98797,7,265.61,12,2.2,4,1,1859.27,14113.857142857143
24,38,Female,72307,16,99.5,1,2.1,5,1,1592.0,4519.1875
25,50,Female,23093,16,329.96,28,2.1,6,1,5279.36,1443.3125
26,29,Male,97258,33,41.49,8,2.1,3,1,1369.17,2947.212121212121
27,39,Female,42042,4,385.72,1,1.1,7,1,1542.88,10510.5
28,61,Male,72930,4,474.39,5,4.7,5,1,1897.56,18232.5
29,42,Male,137584,39,183.09,22,1.9,0,1,7140.51,3527.7948717948716
30,44,Female,64413,40,268.27,6,2.7,0,1,10730.8,1610.325
31,59,Female,133387,17,201.88,29,1.0,8,1,3431.96,7846.294117647059
32,45,Male,113623,37,23.22,21,4.4,9,1,859.14,3070.891891891892
33,33,Male,117883,39,205.22,3,3.9,5,1,8003.58,3022.641025641026
34,32,Male,53756,29,400.03,15,4.8,9,1,11600.869999999999,1853.655172413793
35,64,Female,73268,36,306.07,5,4.1,7,1,11018.52,2035.2222222222222
36,61,Female,59214,38,68.6,28,2.3,6,1,2606.7999999999997,1558.2631578947369
37,20,Female,101871,39,426.63,24,2.0,5,1,16638.57,2612.076923076923
38,54,Female,147844,37,274.92,14,3.8,3,0,10172.04,3995.7837837837837
39,24,Female,48602,35,424.03,18,2.5,6,0,14841.05,1388.6285714285714
40,38,Male,73331,7,298.51,16,3.3,8,1,2089.5699999999997,10475.857142857143
41,26,Female,68901,27,288.65,6,1.0,9,1,7793.549999999999,2551.8888888888887
42,56,Male,119986,28,70.52,25,1.2,9,1,1974.56,4285.214285714285
43,35,Male,83416,22,100.33,24,3.1,6,0,2207.2599999999998,3791.6363636363635
44,21,Male,52196,14,486.57,14,3.3,0,0,6811.98,3728.285714285714
45,42,Female,148386,7,129.67,27,4.0,9,1,907.6899999999999,21198.0
46,31,Female,25626,37,489.18,24,1.5,8,1,18099.66,692.5945945945946
47,26,Female,27424,22,275.32,8,3.1,3,0,6057.04,1246.5454545454545
48,43,Male,32857,5,85.18,29,1.8,2,1,425.90000000000003,6571.4
49,19,Male,130459,2,67.67,7,1.4,3,1,135.34,65229.5
50,37,Male,135621,27,120.25,8,2.6,3,0,3246.75,5023.0
51,45,Male,39982,21,464.31,13,1.7,9,1,9750.51,1903.904761904762
52,64,Male,96961,38,218.79,6,1.9,1,1,8314.02,2551.6052631578946
53,24,Male,21980,15,209.81,18,2.3,0,1,3147.15,1465.3333333333333
54,61,Female,68290,21,170.34,2,2.0,9,1,3577.14,3251.904761904762
55,25,Female,46431,10,90.59,8,1.4,0,1,905.9000000000001,4643.1
56,64,Female,104976,23,254.17,11,1.4,7,1,5845.91,4564.173913043478
57,52,Female,127288,39,82.42,1,1.8,1,1,3214.38,3263.7948717948716
58,31,Male,102711,5,421.03,22,1.2,9,1,2105.1499999999996,20542.2
59,34,Male,134187,1,197.79,29,3.5,4,0,197.79,134187.0
60,53,Female,46385,13,199.91,6,2.1,3,1,2598.83,3568.076923076923
61,57,Male,58158,21,247.52,16,2.1,7,1,5197.92,2769.4285714285716
62,21,Female,43019,26,233.18,27,2.3,1,1,6062.68,1654.576923076923
63,19,Female,38639,45,497.53,20,3.7,9,1,22388.85,858.6444444444444
64,23,Female,105530,21,281.78,12,4.5,8,1,5917.379999999999,5025.238095238095
65,59,Male,119911,18,62.34,11,4.0,6,0,1122.1200000000001,6661.722222222223
66,21,Female,41563,37,311.3,29,3.9,6,0,11518.1,1123.3243243243244
67,46,Female,59341,45,92.76,27,2.9,0,0,4174.2,1318.6888888888889
68,35,Female,135672,32,34.85,29,3.8,1,0,1115.2,4239.75
69,43,Male,25776,36,485.96,10,3.2,3,0,17494.559999999998,716.0
70,61,Male,56444,17,391.3,3,1.9,3,1,6652.1,3320.235294117647
71,51,Female,88916,35,490.45,13,1.8,2,1,17165.75,2540.457142857143
72,27,Male,28711,49,249.38,27,2.2,6,1,12219.619999999999,585.9387755102041
73,53,Male,94318,11,275.48,3,4.6,7,1,3030.28,8574.363636363636
74,31,Male,102970,21,100.8,15,3.2,1,0,2116.7999999999997,4903.333333333333
75,48,Male,132301,26,138.52,16,3.9,3,0,3601.5200000000004,5088.5
76,32,Male,105553,4,422.5,29,2.4,2,1,1690.0,26388.25
77,25,Male,50707,34,190.97,13,2.6,1,0,6492.98,1491.3823529411766
78,31,Male,59110,48,416.87,17,1.5,5,1,20009.760000000002,1231.4583333333333
79,40,Male,149410,18,360.33,3,1.7,3,1,6485.94,8300.555555555555
80,57,Male,81788,40,105.04,20,4.3,5,0,4201.6,2044.7
81,38,Male,102879,35,263.57,11,3.3,1,0,9224.949999999999,2939.4
82,33,Female,58827,41,345.15,27,2.4,3,1,14151.15,1434.8048780487804
83,62,Female,127188,29,132.82,21,4.2,5,0,3851.7799999999997,4385.793103448276
84,35,Male,25655,29,418.73,19,2.0,4,1,12143.17,884.6551724137931
85,64,Female,64859,38,281.52,22,4.9,2,0,10697.759999999998,1706.8157894736842
86,41,Female,73625,42,99.32,11,2.4,7,1,4171.44,1752.9761904761904
87,43,Male,72098,21,299.83,28,2.3,6,1,6296.429999999999,3433.2380952380954
88,42,Male,35251,42,499.86,16,2.2,2,1,20994.12,839.3095238095239
89,62,Male,142413,13,92.25,21,1.5,5,1,1199.25,10954.846153846154
90,58,Female,20526,49,412.04,3,1.4,3,1,20189.960000000003,418.8979591836735
91,46,Female,88760,41,119.51,22,3.6,4,0,4899.91,2164.878048780488
92,32,Male,67837,17,395.55,6,4.5,4,1,6724.35,3990.4117647058824
93,62,Male,145133,9,372.6,14,4.2,6,0,3353.4,16125.888888888889
94,18,Male,149478,41,164.23,24,1.6,4,1,6733.429999999999,3645.8048780487807
95,42,Female,31536,1,176.4,18,3.2,2,0,176.4,31536.0
96,24,Female,48541,2,400.41,17,1.4,9,1,800.82,24270.5
97,26,Female,99083,48,241.49,4,1.2,4,1,11591.52,2064.2291666666665
98,41,Female,71027,29,370.79,23,3.6,6,0,10752.91,2449.206896551724
99,18,Male,54531,33,91.03,15,3.1,4,0,3003.9900000000002,1652.4545454545455
100,61,Male,28712,10,429.23,11,1.3,4,1,4292.3,2871.2
101,25,Male,124101,40,361.22,26,1.1,8,1,14448.800000000001,3102.525
102,41,Male,85455,21,455.33,3,5.0,2,1,9561.93,4069.285714285714
103,28,Female,94744,28,83.54,3,1.1,5,1,2339.1200000000003,3383.714285714286
104,34,Female,141787,11,304.65,16,2.8,0,0,3351.1499999999996,12889.727272727272
105,25,Male,149749,34,307.58,5,3.0,9,1,10457.72,4404.382352941177
106,52,Male,25109,8,189.66,21,1.5,4,1,1517.28,3138.625
107,52,Female,141332,22,240.06,29,1.7,7,1,5281.32,6424.181818181818
108,50,Male,69268,8,38.23,10,2.4,4,1,305.84,8658.5
109,22,Female,120737,49,378.01,19,4.0,8,1,18522.489999999998,2464.0204081632655
110,59,Male,74615,15,283.67,25,3.0,5,0,4255.05,4974.333333333333
111,56,Male,102503,17,47.72,4,3.6,7,1,811.24,6029.588235294118
112,58,Male,143274,23,346.76,29,4.9,9,1,7975.48,6229.304347826087
113,45,Male,49759,24,244.06,29,4.1,7,1,5857.4400000000005,2073.2916666666665
114,24,Male,105708,45,36.54,19,2.7,2,0,1644.3,2349.0666666666666
115,26,Male,80112,19,485.41,11,2.8,6,0,9222.79,4216.421052631579
116,25,Male,122471,5,475.57,2,3.5,6,1,2377.85,24494.2
117,29,Female,146740,32,266.19,10,3.7,9,1,8518.08,4585.625
118,51,Female,143153,44,64.96,29,3.0,5,0,2858.24,3253.4772727272725
119,50,Female,46589,1,382.22,11,3.6,6,0,382.22,46589.0
120,40,Female,50015,23,256.13,25,1.1,1,1,5890.99,2174.5652173913045
121,41,Female,49009,37,165.17,20,2.7,8,1,6111.29,1324.5675675675675
122,54,Male,103309,8,255.88,16,2.1,9,1,2047.04,12913.625
123,52,Male,146446,13,270.77,19,1.5,9,1,3520.0099999999998,11265.076923076924
124,61,Female,82046,8,290.1,23,1.4,0,1,2320.8,10255.75
125,57,Male,126661,23,231.79,24,3.4,0,0,5331.17,5507.0
126,39,Female,46143,43,310.76,11,3.1,2,0,13362.68,1073.093023255814
127,44,Female,26154,1,460.99,14,2.0,2,1,460.99,26154.0
128,52,Male,41804,45,193.89,2,2.9,0,1,8725.05,928.9777777777778
129,18,Male,61688,24,368.34,23,3.0,6,0,8840.16,2570.3333333333335
130,52,Male,84288,35,449.34,28,1.8,3,1,15726.9,2408.2285714285713
131,54,Female,71195,24,238.87,5,3.6,9,1,5732.88,2966.4583333333335
132,64,Male,40581,17,232.86,27,4.1,1,0,3958.6200000000003,2387.1176470588234
133,31,Female,72648,5,309.02,5,4.2,9,1,1545.1,14529.6
134,20,Female,50087,20,303.88,19,3.4,4,0,6077.6,2504.35
135,18,Female,69930,21,407.16,21,3.0,5,0,8550.36,3330.0
136,22,Male,52981,40,248.71,12,1.2,8,1,9948.4,1324.525
137,43,Male,89298,31,498.14,18,2.2,3,1,15442.34,2880.5806451612902
138,31,Female,66167,46,48.55,4,1.4,1,1,2233.2999999999997,1438.4130434782608
139,56,Male,95304,36,21.52,22,4.9,4,0,774.72,2647.3333333333335
140,44,Male,63408,11,327.3,17,1.5,2,1,3600.3,5764.363636363636
141,26,Male,59499,15,163.25,10,1.6,1,1,2448.75,3966.6
142,32,Female,145816,19,135.38,20,4.6,0,0,2572.22,7674.526315789473
143,32,Female,72269,7,169.71,6,4.8,9,1,1187.97,10324.142857142857
144,43,Male,58559,28,142.9,25,4.1,1,0,4001.2000000000003,2091.3928571428573
145,59,Female,134126,43,34.78,14,1.0,5,1,1495.54,3119.2093023255816
146,30,Male,94319,5,486.34,11,1.0,7,1,2431.7,18863.8
147,49,Male,131925,5,125.96,11,2.5,2,0,629.8,26385.0
148,56,Male,115317,30,372.33,29,1.6,8,1,11169.9,3843.9
149,49,Male,116347,32,386.05,18,1.1,8,1,12353.6,3635.84375
150,21,Female,68787,8,466.04,27,2.9,1,0,3728.32,8598.375
151,47,Female,55488,10,34.66,23,4.8,7,1,346.59999999999997,5548.8
152,54,Female,94441,38,438.58,22,2.3,9,1,16666.04,2485.2894736842104
153,40,Male,94663,47,273.07,18,3.6,4,0,12834.289999999999,2014.1063829787233
154,56,Male,42431,32,323.62,24,3.6,3,0,10355.84,1325.96875
155,62,Male,81681,48,329.35,23,2.0,9,1,15808.800000000001,1701.6875
156,32,Female,83483,28,413.5,11,3.6,4,0,11578.0,2981.535714285714
157,60,Male,142720,17,180.04,21,1.8,3,1,3060.68,8395.29411764706
158,46,Female,69153,31,371.86,12,1.5,7,1,11527.66,2230.7419354838707
159,53,Female,26368,8,273.72,5,3.8,3,1,2189.76,3296.0
160,30,Female,47424,40,400.83,23,1.5,9,1,16033.199999999999,1185.6
161,49,Female,132360,25,495.46,9,5.0,5,0,12386.5,5294.4
162,24,Female,65004,9,116.31,27,1.7,1,1,1046.79,7222.666666666667
163,39,Female,103869,2,497.43,25,3.4,4,0,994.86,51934.5
164,45,Male,108652,15,63.11,9,2.6,5,0,946.65,7243.466666666666
165,19,Male,132755,3,21.11,22,1.5,4,1,63.33,44251.666666666664
166,59,Female,76985,49,41.2,10,1.1,1,1,2018.8000000000002,1571.1224489795918
167,62,Female,70069,36,184.06,22,3.5,6,0,6626.16,1946.361111111111
168,23,Male,72326,4,323.8,19,4.2,3,0,1295.2,18081.5
169,45,Female,128737,14,53.13,1,4.4,7,1,743.82,9195.5
170,45,Female,101061,41,22.72,7,2.9,6,1,931.52,2464.9024390243903
171,61,Male,43398,41,469.8,4,4.1,6,1,19261.8,1058.4878048780488
172,61,Female,118393,25,414.52,1,3.7,8,1,10363.0,4735.72
173,37,Female,70861,10,408.41,15,3.9,0,0,4084.1000000000004,7086.1
174,47,Female,95897,21,444.52,8,3.0,9,1,9334.92,4566.523809523809
175,28,Male,101905,36,356.02,12,3.5,5,0,12816.72,2830.6944444444443
176,45,Male,147118,12,70.11,22,4.2,5,0,841.3199999999999,12259.833333333334
177,42,Male,88577,27,211.57,22,2.6,5,0,5712.389999999999,3280.6296296296296
178,56,Female,85641,40,367.11,18,4.2,5,0,14684.400000000001,2141.025
179,50,Female,29078,2,154.56,15,3.4,9,1,309.12,14539.0
180,18,Male,45003,13,349.96,17,1.7,6,1,4549.48,3461.769230769231
181,44,Female,82768,32,31.76,29,1.1,9,1,1016.32,2586.5
182,30,Female,71047,31,166.95,14,2.5,5,0,5175.45,2291.8387096774195
183,58,Female,91626,16,283.58,14,3.2,0,0,4537.28,5726.625
184,20,Female,77660,32,323.4,18,4.4,2,0,10348.8,2426.875
185,56,Female,124386,32,296.98,20,1.5,1,1,9503.36,3887.0625
186,23,Male,69786,34,354.92,18,4.2,5,0,12067.28,2052.529411764706
187,25,Female,21925,11,22.92,16,4.5,7,1,252.12,1993.1818181818182
188,44,Male,103976,10,68.45,1,1.6,2,1,684.5,10397.6
189,26,Female,125221,15,437.09,23,4.4,9,1,6556.349999999999,8348.066666666668
190,54,Male,137832,17,347.24,27,5.0,7,1,5903.08,8107.764705882353
191,50,Female,145150,40,74.21,11,3.9,7,1,2968.3999999999996,3628.75
192,59,Male,46015,18,424.2,15,4.1,4,0,7635.599999999999,2556.3888888888887
193,61,Female,53320,9,136.27,12,5.0,7,1,1226.43,5924.444444444444
194,41,Male,84881,25,249.56,8,3.4,5,0,6239.0,3395.24
195,32,Female,110827,40,89.69,22,2.2,4,1,3587.6,2770.675
196,49,Male,140071,14,360.85,20,4.4,8,1,5051.900000000001,10005.07142857143
197,49,Female,122215,25,340.09,6,3.5,6,1,8502.25,4888.6
198,41,Male,46289,22,121.33,3,3.3,7,1,2669.2599999999998,2104.0454545454545
199,58,Male,148859,30,434.43,28,2.0,0,1,13032.9,4961.966666666666
200,29,Female,23389,20,212.63,24,4.0,1,0,4252.6,1169.45
201,56,Female,45683,21,160.41,26,1.3,7,1,3368.61,2175.3809523809523
202,19,Male,33629,44,93.12,13,4.7,8,1,4097.280000000001,764.2954545454545
203,20,Female,81550,32,147.76,13,2.3,3,1,4728.32,2548.4375
204,54,Male,44826,46,30.57,2,1.5,9,1,1406.22,974.4782608695652
205,34,Male,120734,49,299.96,5,2.8,9,1,14698.039999999999,2463.9591836734694
206,19,Male,46630,21,424.27,17,1.2,8,1,8909.67,2220.4761904761904
207,19,Female,118762,35,283.51,6,3.7,3,1,9922.85,3393.2
208,45,Male,66163,32,125.25,2,4.6,9,1,4008.0,2067.59375
209,40,Male,118511,30,36.16,4,4.3,9,1,1084.8,3950.366666666667
210,54,Female,86435,39,123.02,22,1.5,9,1,4797.78,2216.2820512820513
211,49,Female,31653,49,219.74,26,1.5,8,1,10767.26,645.9795918367347
212,50,Female,47961,12,384.61,11,4.3,6,0,4615.32,3996.75
213,18,Female,101941,41,110.16,8,4.7,1,0,4516.5599999999995,2486.3658536585367
214,36,Male,94137,47,365.5,12,2.8,8,1,17178.5,2002.9148936170213
215,19,Male,53662,18,436.13,8,3.0,3,0,7850.34,2981.222222222222
216,61,Male,118818,21,237.89,11,2.3,7,1,4995.69,5658.0
217,43,Male,76446,13,414.29,22,4.6,6,0,5385.77,5880.461538461538
218,49,Female,41288,21,286.24,20,3.6,6,0,6011.04,1966.095238095238
219,23,Male,142555,8,325.8,8,2.2,7,1,2606.4,17819.375
220,49,Male,115081,46,272.61,29,2.2,0,1,12540.060000000001,2501.7608695652175
221,21,Female,56877,40,242.32,8,4.6,4,0,9692.8,1421.925
222,28,Male,131562,46,132.63,26,1.1,1,1,6100.98,2860.0434782608695
223,34,Male,35313,7,165.53,17,2.3,1,1,1158.71,5044.714285714285
224,55,Male,100885,23,159.19,20,3.2,0,0,3661.37,4386.304347826087
225,41,Male,92715,44,290.38,20,1.6,4,1,12776.72,2107.159090909091
226,22,Male,30326,32,77.58,23,1.4,1,1,2482.56,947.6875
227,51,Male,130091,11,460.06,16,4.3,3,0,5060.66,11826.454545454546
228,23,Female,145836,22,365.91,14,4.6,2,0,8050.02,6628.909090909091
229,39,Female,21560,22,212.69,11,4.3,2,0,4679.18,980.0
230,28,Male,99148,43,96.14,7,4.6,1,1,4134.02,2305.767441860465
231,33,Male,103186,25,443.36,16,3.2,5,0,11084.0,4127.44
232,50,Female,46745,22,415.41,13,4.2,1,0,9139.02,2124.7727272727275
233,26,Male,51890,28,366.43,27,2.5,7,1,10260.04,1853.2142857142858
234,23,Male,40022,29,150.34,15,3.7,7,1,4359.86,1380.0689655172414
235,33,Male,143629,13,213.17,24,5.0,4,0,2771.21,11048.384615384615
236,46,Female,72579,18,69.32,16,1.9,9,1,1247.7599999999998,4032.1666666666665
237,20,Male,90316,2,110.74,27,2.6,6,0,221.48,45158.0
238,37,Female,103847,29,395.85,21,2.9,3,0,11479.650000000001,3580.9310344827586
239,53,Male,48380,21,363.22,23,1.6,0,1,7627.620000000001,2303.809523809524
240,36,Female,130198,15,304.87,24,1.3,1,1,4573.05,8679.866666666667
241,43,Female,22356,27,449.95,9,4.3,9,1,12148.65,828.0
242,20,Male,90326,31,299.97,3,4.9,9,1,9299.070000000002,2913.7419354838707
243,36,Female,112447,15,244.14,19,2.6,3,0,3662.1,7496.466666666666
244,37,Male,134994,23,183.38,20,1.4,0,1,4217.74,5869.304347826087
245,49,Female,109899,24,471.42,5,1.3,7,1,11314.08,4579.125
246,24,Male,40049,44,59.7,10,4.6,8,1,2626.8,910.2045454545455
247,58,Male,95717,13,466.83,17,2.9,3,0,6068.79,7362.846153846154
248,50,Female,125361,22,416.82,15,2.3,9,1,9170.039999999999,5698.227272727273
249,57,Male,36082,43,82.37,23,2.9,2,0,3541.9100000000003,839.1162790697674
250,56,Male,20661,37,291.19,25,2.3,1,1,10774.03,558.4054054054054
251,35,Female,57412,33,435.94,8,3.0,4,0,14386.02,1739.7575757575758
252,57,Male,134015,3,294.47,15,4.4,2,0,883.4100000000001,44671.666666666664
253,18,Male,143191,19,455.46,21,3.4,9,1,8653.74,7536.368421052632
254,28,Female,22920,23,472.63,14,3.8,6,0,10870.49,996.5217391304348
255,45,Female,111194,29,222.74,20,2.5,5,0,6459.46,3834.2758620689656
256,42,Male,134306,30,201.11,28,4.0,0,0,6033.3,4476.866666666667
257,40,Male,80315,39,469.43,7,3.7,7,1,18307.77,2059.358974358974
258,48,Female,99561,44,344.07,21,1.5,1,1,15139.08,2262.75
259,47,Female,28946,47,75.69,23,3.3,4,0,3557.43,615.8723404255319
260,59,Male,114242,25,40.3,12,2.0,8,1,1007.4999999999999,4569.68
261,52,Female,65500,37,291.02,17,4.2,7,1,10767.74,1770.2702702702702
262,24,Male,124540,47,466.48,17,2.7,1,0,21924.56,2649.7872340425533
263,33,Male,36309,8,425.24,10,5.0,8,1,3401.92,4538.625
264,43,Male,75230,42,344.41,29,1.4,4,1,14465.220000000001,1791.1904761904761
265,19,Male,131822,16,86.78,19,4.1,9,1,1388.48,8238.875
266,18,Male,118656,8,142.03,14,3.7,5,0,1136.24,14832.0
267,29,Female,143782,1,440.25,11,4.1,2,0,440.25,143782.0
268,22,Female,50027,44,107.75,2,2.2,2,1,4741.0,1136.9772727272727
269,54,Female,146768,5,153.65,18,3.0,9,1,768.25,29353.6
270,49,Female,92541,3,82.21,7,4.2,7,1,246.63,30847.0
271,26,Male,132340,1,344.53,12,1.9,9,1,344.53,132340.0
272,58,Male,134846,4,473.11,26,1.9,9,1,1892.44,33711.5
273,52,Male,79321,40,149.1,2,3.2,1,1,5964.0,1983.025
274,36,Male,20956,35,248.2,27,3.1,1,0,8687.0,598.7428571428571
275,33,Female,120375,32,324.48,20,2.1,4,1,10383.36,3761.71875
276,20,Male,94131,42,499.74,18,2.2,5,1,20989.08,2241.214285714286
277,37,Male,67908,34,70.31,6,2.1,1,1,2390.54,1997.2941176470588
278,41,Female,98339,43,259.31,24,4.1,4,0,11150.33,2286.953488372093
279,50,Female,145659,25,204.86,10,3.6,6,0,5121.5,5826.36
280,41,Female,45963,10,435.59,20,4.3,9,1,4355.9,4596.3
281,28,Female,121757,21,248.46,15,4.9,9,1,5217.66,5797.952380952381
282,25,Male,59443,46,73.27,5,2.9,7,1,3370.4199999999996,1292.2391304347825
283,53,Male,119259,39,324.52,20,1.3,6,1,12656.279999999999,3057.923076923077
284,55,Female,59063,27,389.97,3,1.2,7,1,10529.19,2187.5185185185187
285,57,Male,134225,27,21.38,5,2.2,8,1,577.26,4971.2962962962965
286,37,Male,136400,2,432.3,25,4.7,4,0,864.6,68200.0
287,52,Male,100818,41,109.29,8,3.1,4,0,4480.89,2458.9756097560976
288,42,Female,24703,48,284.99,8,2.1,9,1,13679.52,514.6458333333334
289,52,Male,85128,13,219.58,8,2.6,3,0,2854.54,6548.307692307692
290,42,Female,92099,9,365.43,12,3.4,8,1,3288.87,10233.222222222223
291,46,Male,45849,36,198.16,24,3.6,4,0,7133.76,1273.5833333333333
292,35,Male,51860,22,437.49,23,1.6,1,1,9624.78,2357.2727272727275
293,63,Male,51585,42,370.64,8,4.9,9,1,15566.88,1228.2142857142858
294,35,Female,42015,26,330.9,11,3.2,7,1,8603.4,1615.9615384615386
295,19,Male,97539,12,402.2,14,1.5,6,1,4826.4,8128.25
296,52,Female,63585,17,381.93,8,4.6,7,1,6492.81,3740.294117647059
297,33,Female,46958,14,37.25,29,1.3,2,1,521.5,3354.1428571428573
298,58,Female,46017,14,209.47,24,4.6,3,0,2932.58,3286.9285714285716
299,53,Male,96707,34,466.79,28,5.0,4,0,15870.86,2844.323529411765
300,50,Male,144677,20,80.35,10,3.8,5,0,1607.0,7233.85
301,21,Male,65350,11,373.81,7,4.1,0,1,4111.91,5940.909090909091
302,50,Male,32201,16,487.8,28,2.3,3,1,7804.8,2012.5625
303,31,Female,49426,31,45.06,17,4.8,9,1,1396.8600000000001,1594.3870967741937
304,38,Female,37778,6,347.45,4,3.1,4,1,2084.7,6296.333333333333
305,37,Female,65241,19,244.71,29,3.9,6,0,4649.49,3433.7368421052633
306,25,Male,62229,37,298.0,13,4.7,4,0,11026.0,1681.8648648648648
307,24,Female,106652,4,60.96,4,4.9,0,1,243.84,26663.0
308,20,Male,148267,47,40.64,5,4.3,6,1,1910.08,3154.6170212765956
309,34,Female,138402,4,340.1,26,2.2,7,1,1360.4,34600.5
310,50,Male,68364,20,415.19,22,4.9,6,0,8303.8,3418.2
311,29,Male,118833,10,395.37,4,3.5,3,1,3953.7,11883.3
312,39,Female,146503,24,281.03,18,4.7,7,1,6744.719999999999,6104.291666666667
313,39,Female,149044,35,67.94,6,3.7,4,1,2377.9,4258.4
314,63,Female,104878,26,350.26,24,2.2,9,1,9106.76,4033.769230769231
315,47,Female,77056,37,136.11,24,2.5,8,1,5036.070000000001,2082.5945945945946
316,55,Male,47490,38,457.31,23,3.2,9,1,17377.78,1249.7368421052631
317,55,Female,147769,21,422.37,22,4.2,4,0,8869.77,7036.619047619048
318,62,Female,39975,40,360.5,2,2.3,0,1,14420.0,999.375
319,25,Female,46723,39,475.45,23,3.3,8,1,18542.55,1198.025641025641
320,44,Male,43279,21,35.08,11,2.4,4,1,736.68,2060.904761904762
321,44,Male,98301,10,373.38,28,4.3,5,0,3733.8,9830.1
322,51,Female,132214,38,178.52,14,2.9,3,0,6783.76,3479.315789473684
323,38,Male,31561,46,454.91,5,1.3,5,1,20925.86,686.1086956521739
324,47,Female,127435,4,148.0,6,1.7,7,1,592.0,31858.75
325,50,Male,86061,45,367.93,10,1.2,2,1,16556.85,1912.4666666666667
326,45,Male,108397,20,441.27,8,3.0,4,0,8825.4,5419.85
327,64,Male,69153,17,40.0,14,1.4,1,1,680.0,4067.823529411765
328,50,Male,53142,7,210.87,24,1.5,1,1,1476.0900000000001,7591.714285714285
329,22,Female,46916,4,385.91,3,4.8,6,1,1543.64,11729.0
330,36,Female,84324,29,238.36,12,4.5,9,1,6912.4400000000005,2907.7241379310344
331,21,Female,64965,14,148.28,16,2.8,9,1,2075.92,4640.357142857143
332,52,Male,145932,3,125.51,28,4.9,9,1,376.53000000000003,48644.0
333,34,Female,24648,24,83.13,23,1.0,5,1,1995.12,1027.0
334,61,Female,55133,37,431.42,17,3.5,3,0,15962.54,1490.081081081081
335,45,Female,70677,16,296.17,1,3.5,4,1,4738.72,4417.3125
336,47,Male,116059,4,56.66,23,2.8,0,0,226.64,29014.75
337,46,Male,114588,24,203.64,10,2.6,6,0,4887.36,4774.5
338,63,Male,119950,34,196.51,25,2.8,7,1,6681.34,3527.9411764705883
339,23,Female,118317,30,107.23,23,2.7,8,1,3216.9,3943.9
340,52,Female,90135,18,229.04,10,3.9,7,1,4122.72,5007.5
341,58,Female,55046,19,179.41,21,1.5,4,1,3408.79,2897.157894736842
342,54,Male,67064,31,184.07,24,1.8,2,1,5706.17,2163.3548387096776
343,41,Male,121459,19,374.73,2,1.7,9,1,7119.870000000001,6392.578947368421
344,46,Female,126625,49,127.17,9,2.0,8,1,6231.33,2584.183673469388
345,63,Male,89350,46,328.09,22,3.1,5,0,15092.14,1942.391304347826
346,48,Male,65893,19,293.91,13,1.4,4,1,5584.290000000001,3468.0526315789475
347,52,Male,121520,22,292.68,25,4.5,2,0,6438.96,5523.636363636364
348,50,Male,145818,24,338.24,16,2.2,5,1,8117.76,6075.75
349,38,Female,81272,45,283.22,18,1.7,2,1,12744.900000000001,1806.0444444444445
350,49,Male,112152,12,442.04,19,3.7,9,1,5304.4800000000005,9346.0
351,40,Male,142907,30,344.28,12,1.2,5,1,10328.4,4763.566666666667
352,50,Male,87649,38,282.54,8,3.5,3,0,10736.52,2306.5526315789475
353,20,Male,84674,31,418.29,17,3.8,1,0,12966.99,2731.4193548387098
354,35,Female,144132,36,310.95,15,1.9,7,1,11194.199999999999,4003.6666666666665
355,42,Female,139044,19,159.75,10,1.2,3,1,3035.25,7318.105263157895
356,59,Male,128542,48,119.41,15,2.5,8,1,5731.68,2677.9583333333335
357,48,Male,33760,45,93.12,15,1.4,6,1,4190.400000000001,750.2222222222222
358,20,Male,41927,36,451.74,23,1.5,1,1,16262.64,1164.638888888889
359,57,Male,106475,30,360.87,7,2.0,3,1,10826.1,3549.1666666666665
360,63,Male,81367,49,469.94,13,2.2,4,1,23027.06,1660.5510204081634
361,41,Male,117955,33,309.58,17,3.1,2,0,10216.14,3574.3939393939395
362,49,Female,32588,18,247.23,9,3.7,8,1,4450.139999999999,1810.4444444444443
363,64,Male,141750,49,48.66,8,3.4,4,0,2384.3399999999997,2892.8571428571427
364,39,Female,121678,28,342.39,20,1.6,1,1,9586.92,4345.642857142857
365,40,Female,124734,47,299.46,26,1.7,2,1,14074.619999999999,2653.9148936170213
366,19,Male,138154,11,495.3,27,4.5,8,1,5448.3,12559.454545454546
367,44,Female,72233,45,134.8,21,3.2,6,0,6066.000000000001,1605.1777777777777
368,59,Female,64738,33,274.75,18,4.5,1,0,9066.75,1961.7575757575758
369,19,Female,53397,17,332.46,13,2.5,8,1,5651.82,3141.0
370,43,Female,102189,6,329.4,16,3.5,3,0,1976.3999999999999,17031.5
371,34,Female,96367,4,289.42,9,3.1,8,1,1157.68,24091.75
372,57,Female,144873,20,392.93,12,2.3,1,1,7858.6,7243.65
373,50,Male,91260,48,118.39,12,2.9,9,1,5682.72,1901.25
374,26,Female,140585,47,368.3,6,3.0,3,1,17310.100000000002,2991.1702127659573
375,60,Female,96619,27,317.47,19,1.8,4,1,8571.69,3578.4814814814813
376,56,Female,131453,15,450.12,28,2.3,1,1,6751.8,8763.533333333333
377,46,Male,39816,6,426.65,7,4.2,9,1,2559.8999999999996,6636.0
378,59,Female,62240,47,171.27,25,4.7,0,0,8049.6900000000005,1324.2553191489362
379,43,Male,26276,14,152.59,3,2.4,6,1,2136.26,1876.857142857143
380,52,Female,133939,11,491.19,16,2.2,9,1,5403.09,12176.272727272728
381,42,Male,124199,39,273.09,18,1.8,0,1,10650.509999999998,3184.5897435897436
382,41,Male,99530,9,455.08,16,3.7,7,1,4095.72,11058.888888888889
383,30,Female,43499,26,98.66,23,2.3,2,1,2565.16,1673.0384615384614
384,24,Female,108576,16,328.55,7,5.0,9,1,5256.8,6786.0
385,53,Male,128856,5,408.73,4,2.3,5,1,2043.65,25771.2
386,62,Female,102495,10,474.75,27,2.6,6,0,4747.5,10249.5
387,37,Male,141717,3,181.92,25,3.4,9,1,545.76,47239.0
388,18,Male,91635,13,367.99,8,4.2,0,0,4783.87,7048.846153846154
389,25,Male,127803,43,278.63,13,2.9,5,0,11981.09,2972.1627906976746
390,63,Male,105112,49,49.1,13,2.7,6,0,2405.9,2145.1428571428573
391,33,Male,55946,30,351.2,17,5.0,5,0,10536.0,1864.8666666666666
392,31,Female,75204,45,351.25,17,1.0,3,1,15806.25,1671.2
393,29,Male,71886,6,466.69,5,4.6,0,1,2800.14,11981.0
394,40,Male,91652,17,258.71,6,1.6,8,1,4398.07,5391.294117647059
395,32,Female,35563,45,130.52,19,4.1,3,0,5873.400000000001,790.2888888888889
396,45,Male,112324,19,41.39,13,3.5,6,0,786.41,5911.789473684211
397,51,Female,112464,42,219.51,25,2.4,6,1,9219.42,2677.714285714286
398,19,Female,121872,35,164.92,28,4.5,1,0,5772.2,3482.057142857143
399,49,Female,29847,46,385.32,26,1.1,0,1,17724.72,648.8478260869565
400,40,Male,46155,26,190.05,14,1.9,7,1,4941.3,1775.1923076923076
401,39,Male,99671,5,475.55,22,3.3,7,1,2377.75,19934.2
402,42,Male,136891,29,481.91,4,2.4,6,1,13975.390000000001,4720.379310344828
403,39,Female,103310,37,318.04,28,3.4,7,1,11767.480000000001,2792.162162162162
404,39,Male,87278,20,465.76,7,1.1,2,1,9315.2,4363.9
405,59,Female,38309,49,385.21,8,1.5,1,1,18875.289999999997,781.8163265306123
406,23,Male,20619,21,282.49,25,1.5,6,1,5932.29,981.8571428571429
407,32,Female,103194,10,106.55,13,1.8,7,1,1065.5,10319.4
408,60,Male,70108,5,240.13,27,2.8,0,0,1200.65,14021.6
409,54,Male,54707,36,289.22,6,4.0,9,1,10411.920000000002,1519.638888888889
410,50,Male,40337,6,434.7,6,4.6,8,1,2608.2,6722.833333333333
411,25,Female,145261,26,251.04,24,4.3,3,0,6527.04,5586.961538461538
412,61,Female,101537,4,450.88,28,1.8,3,1,1803.52,25384.25
413,61,Male,86504,39,343.69,21,2.8,2,0,13403.91,2218.051282051282
414,22,Male,67614,39,85.76,3,1.8,5,1,3344.6400000000003,1733.6923076923076
415,56,Female,111428,35,497.59,28,2.1,0,1,17415.649999999998,3183.657142857143
416,21,Female,111155,1,273.07,3,3.0,5,1,273.07,111155.0
417,23,Female,20281,24,208.09,13,1.3,1,1,4994.16,845.0416666666666
418,62,Male,47420,36,336.37,22,1.9,8,1,12109.32,1317.2222222222222
419,49,Female,100896,6,72.27,2,4.7,1,1,433.62,16816.0
420,47,Male,59030,41,325.54,16,2.9,6,0,13347.140000000001,1439.7560975609756
421,64,Female,21058,46,259.15,22,2.8,0,0,11920.9,457.7826086956522
422,52,Male,106213,44,215.2,29,1.1,6,1,9468.8,2413.931818181818
423,57,Female,96260,31,477.45,6,2.0,4,1,14800.949999999999,3105.1612903225805
424,33,Female,48404,20,270.82,8,4.5,7,1,5416.4,2420.2
425,30,Female,123482,24,125.18,23,1.7,3,1,3004.32,5145.083333333333
426,59,Female,125284,25,240.3,8,2.7,9,1,6007.5,5011.36
427,47,Female,49856,36,461.31,25,1.1,6,1,16607.16,1384.888888888889
428,36,Male,29200,21,104.53,6,2.9,5,1,2195.13,1390.4761904761904
429,34,Female,84178,30,122.7,14,1.1,4,1,3681.0,2805.9333333333334
430,36,Female,53997,24,26.25,3,4.3,3,1,630.0,2249.875
431,45,Female,45611,44,26.81,10,4.3,6,0,1179.6399999999999,1036.6136363636363
432,43,Male,139273,42,418.11,3,4.2,4,1,17560.62,3316.0238095238096
433,54,Female,61235,30,371.42,27,2.1,4,1,11142.6,2041.1666666666667
434,43,Male,137428,22,190.42,12,4.3,0,0,4189.24,6246.727272727273
435,40,Female,55057,28,355.19,17,3.2,1,0,9945.32,1966.3214285714287
436,26,Female,21239,7,209.7,27,2.5,4,0,1467.8999999999999,3034.1428571428573
437,29,Male,123674,35,477.39,29,3.5,2,0,16708.649999999998,3533.542857142857
438,18,Female,134474,28,484.19,5,1.0,1,1,13557.32,4802.642857142857
439,18,Male,85661,14,208.54,20,1.6,3,1,2919.56,6118.642857142857
440,64,Male,146945,10,430.03,25,4.0,3,0,4300.299999999999,14694.5
441,51,Female,65272,16,391.08,9,2.0,3,1,6257.28,4079.5
442,49,Male,109393,16,168.8,21,3.4,3,0,2700.8,6837.0625
443,42,Female,81212,31,131.38,26,2.5,2,0,4072.7799999999997,2619.7419354838707
444,57,Female,144088,42,239.95,20,4.4,6,0,10077.9,3430.6666666666665
445,62,Male,35398,25,395.05,7,4.8,8,1,9876.25,1415.92
446,18,Male,140030,13,480.88,22,4.5,4,0,6251.44,10771.538461538461
447,33,Male,76503,6,386.52,4,2.1,3,1,2319.12,12750.5
448,56,Male,26638,44,430.5,13,1.8,1,1,18942.0,605.4090909090909
449,22,Female,26570,9,309.47,13,2.9,1,0,2785.2300000000005,2952.222222222222
450,39,Female,88785,45,421.0,10,1.0,4,1,18945.0,1973.0
451,46,Male,29110,36,396.52,18,1.1,6,1,14274.72,808.6111111111111
452,20,Female,125899,43,200.95,17,3.2,9,1,8640.85,2927.8837209302324
453,29,Female,99141,20,284.96,20,3.1,9,1,5699.2,4957.05
454,43,Female,32115,18,406.28,20,5.0,8,1,7313.039999999999,1784.1666666666667
455,33,Female,59062,43,42.11,13,1.8,6,1,1810.73,1373.5348837209303
456,54,Male,42911,21,407.88,17,2.0,4,1,8565.48,2043.3809523809523
457,39,Male,124061,4,105.39,22,1.5,9,1,421.56,31015.25
458,46,Female,52556,33,267.05,4,4.7,9,1,8812.65,1592.6060606060605
459,31,Male,98131,27,407.97,1,4.1,9,1,11015.19,3634.4814814814813
460,45,Male,148335,7,141.83,1,4.3,5,1,992.8100000000001,21190.714285714286
461,22,Male,21969,6,137.99,15,4.6,2,0,827.94,3661.5
462,64,Female,63753,15,213.33,13,3.1,4,0,3199.9500000000003,4250.2
463,47,Female,102811,18,449.43,17,2.8,7,1,8089.74,5711.722222222223
464,63,Female,24470,32,20.21,24,2.3,0,1,646.72,764.6875
465,22,Male,141863,11,452.66,26,3.4,0,0,4979.26,12896.636363636364
466,29,Female,30225,20,93.83,8,2.8,6,0,1876.6,1511.25
467,33,Female,127860,24,495.24,18,2.8,4,0,11885.76,5327.5
468,43,Male,143008,15,478.33,27,4.7,4,0,7174.95,9533.866666666667
469,43,Female,127510,48,257.44,13,4.9,0,0,12357.119999999999,2656.4583333333335
470,38,Female,128295,7,266.11,23,4.2,8,1,1862.77,18327.85714285714
471,56,Male,43196,21,251.14,14,4.0,0,0,5273.94,2056.9523809523807
472,53,Male,125823,42,325.01,8,3.7,4,0,13650.42,2995.785714285714
473,50,Male,33669,26,63.55,8,1.7,9,1,1652.3,1294.9615384615386
474,47,Female,57380,44,35.66,27,1.2,8,1,1569.04,1304.090909090909
475,54,Female,144398,14,47.7,26,3.8,3,0,667.8000000000001,10314.142857142857
476,40,Female,130677,37,233.3,15,3.9,7,1,8632.1,3531.810810810811
477,27,Male,135886,21,152.26,27,1.2,5,1,3197.46,6470.761904761905
478,22,Male,146753,18,318.58,13,4.7,2,0,5734.44,8152.944444444444
479,53,Female,68320,5,496.37,7,1.4,3,1,2481.85,13664.0
480,51,Female,67414,3,205.44,5,2.1,1,1,616.3199999999999,22471.333333333332
481,48,Male,123542,23,295.44,17,3.7,0,0,6795.12,5371.391304347826
482,27,Male,35577,26,219.49,28,1.7,7,1,5706.74,1368.3461538461538
483,36,Male,145354,37,426.69,25,1.2,0,1,15787.53,3928.4864864864867
484,49,Male,108009,24,453.07,29,2.3,0,1,10873.68,4500.375
485,18,Female,146365,49,441.13,16,4.1,3,0,21615.37,2987.0408163265306
486,22,Male,75409,19,487.7,23,2.7,9,1,9266.3,3968.8947368421054
487,62,Female,48625,25,33.21,2,3.6,9,1,830.25,1945.0
488,21,Female,101040,21,423.11,22,3.3,5,0,8885.31,4811.428571428572
489,33,Female,44089,12,380.85,18,1.1,8,1,4570.200000000001,3674.0833333333335
490,41,Male,56487,41,129.77,17,5.0,0,0,5320.570000000001,1377.7317073170732
491,33,Male,85838,33,479.03,7,1.2,6,1,15807.99,2601.151515151515
492,19,Male,116999,4,91.13,13,4.9,9,1,364.52,29249.75
493,45,Male,130448,42,346.18,18,3.2,4,0,14539.56,3105.904761904762
494,49,Female,114795,7,127.95,29,4.9,7,1,895.65,16399.285714285714
495,44,Male,70138,22,227.06,14,1.5,6,1,4995.32,3188.090909090909
496,37,Male,62823,33,365.2,18,3.0,3,0,12051.6,1903.7272727272727
497,41,Female,57208,17,290.4,13,1.7,3,1,4936.799999999999,3365.176470588235
498,29,Male,74061,24,225.2,11,1.2,5,1,5404.799999999999,3085.875
499,52,Female,50659,34,176.64,21,3.5,5,0,6005.759999999999,1489.9705882352941
500,50,Female,149824,28,423.04,21,1.8,8,1,11845.12,5350.857142857143
501,50,Female,121376,43,89.03,16,3.4,4,0,3828.29,2822.6976744186045
502,60,Female,51890,41,226.45,23,1.4,7,1,9284.449999999999,1265.6097560975609
503,54,Female,99134,39,453.8,17,2.3,4,1,17698.2,2541.897435897436
504,29,Female,67055,22,426.01,8,4.1,1,0,9372.22,3047.9545454545455
505,20,Female,132269,49,212.45,19,2.7,5,0,10410.05,2699.3673469387754
506,18,Female,39508,17,386.29,20,3.5,8,1,6566.93,2324.0
507,50,Male,62287,34,415.12,15,3.6,2,0,14114.08,1831.9705882352941
508,57,Male,98916,6,446.67,9,4.4,0,0,2680.02,16486.0
509,27,Male,46984,46,281.36,20,2.3,0,1,12942.560000000001,1021.3913043478261
510,60,Male,130169,6,118.14,10,3.7,2,0,708.84,21694.833333333332
511,61,Female,28125,34,142.55,12,4.8,9,1,4846.700000000001,827.2058823529412
512,46,Male,56059,1,161.93,21,3.9,4,0,161.93,56059.0
513,30,Female,89569,10,305.03,23,3.0,2,0,3050.2999999999997,8956.9
514,29,Male,123409,21,35.75,20,3.5,8,1,750.75,5876.619047619048
515,48,Male,37087,5,325.3,1,4.0,7,1,1626.5,7417.4
516,63,Male,126437,2,194.89,25,3.4,2,0,389.78,63218.5
517,19,Female,135262,22,161.72,20,1.1,8,1,3557.84,6148.272727272727
518,52,Male,25704,48,442.16,9,1.8,5,1,21223.68,535.5
519,40,Female,80576,2,240.8,22,4.2,6,0,481.6,40288.0
520,34,Female,93384,10,65.63,15,2.1,3,1,656.3,9338.4
521,43,Male,107128,34,416.84,1,3.9,3,1,14172.56,3150.823529411765
522,25,Male,131279,16,42.87,12,2.5,1,0,685.92,8204.9375
523,46,Male,92460,48,368.84,3,3.1,4,1,17704.32,1926.25
524,43,Female,47208,39,391.47,11,1.3,7,1,15267.330000000002,1210.4615384615386
525,27,Male,138516,22,189.25,2,1.7,6,1,4163.5,6296.181818181818
526,43,Female,149612,12,415.9,16,4.8,6,0,4990.799999999999,12467.666666666666
527,51,Female,105150,24,267.52,9,4.6,5,0,6420.48,4381.25
528,58,Male,86024,47,242.38,15,3.6,2,0,11391.86,1830.2978723404256
529,24,Male,59882,40,41.79,12,2.8,4,0,1671.6,1497.05
530,21,Female,45923,38,159.21,1,3.7,0,1,6049.9800000000005,1208.5
531,62,Female,146561,10,466.88,13,3.5,6,0,4668.8,14656.1
532,28,Female,134044,35,208.08,14,3.3,8,1,7282.8,3829.8285714285716
533,46,Male,121477,49,282.42,25,1.2,0,1,13838.58,2479.122448979592
534,53,Female,49165,32,275.37,25,3.5,1,0,8811.84,1536.40625
535,42,Male,87203,7,303.41,8,4.1,2,0,2123.8700000000003,12457.57142857143
536,38,Female,111749,21,49.44,8,5.0,2,0,1038.24,5321.380952380952
537,53,Female,24114,20,193.84,27,1.0,7,1,3876.8,1205.7
538,27,Male,84965,26,367.1,12,3.9,6,0,9544.6,3267.8846153846152
539,54,Female,56321,4,116.27,1,3.3,5,1,465.08,14080.25
540,26,Male,93297,46,117.72,11,2.7,9,1,5415.12,2028.195652173913
541,41,Male,116652,22,24.84,8,1.5,9,1,546.48,5302.363636363636
542,52,Female,119304,15,229.99,10,2.6,3,0,3449.8500000000004,7953.6
543,52,Male,133942,40,443.71,19,2.4,8,1,17748.399999999998,3348.55
544,53,Male,45426,21,44.91,11,2.2,0,1,943.1099999999999,2163.1428571428573
545,35,Female,37772,15,111.74,7,3.9,1,1,1676.1,2518.133333333333
546,56,Male,123754,22,168.84,11,3.8,3,0,3714.48,5625.181818181818
547,49,Male,23712,28,371.23,17,3.4,2,0,10394.44,846.8571428571429
548,41,Male,21367,14,327.51,1,4.8,0,1,4585.139999999999,1526.2142857142858
549,40,Female,126493,27,219.65,26,2.4,4,1,5930.55,4684.925925925926
550,49,Male,127317,41,384.35,29,2.0,6,1,15758.35,3105.2926829268295
551,54,Female,135142,40,312.62,21,3.6,1,0,12504.8,3378.55
552,29,Female,111736,28,450.1,21,1.8,4,1,12602.800000000001,3990.5714285714284
553,30,Male,71924,26,412.65,8,2.3,5,1,10728.9,2766.3076923076924
554,40,Male,23726,49,141.35,23,1.9,6,1,6926.15,484.2040816326531
555,42,Male,109152,2,150.29,24,1.3,0,1,300.58,54576.0
556,52,Female,47723,25,80.17,6,4.3,6,1,2004.25,1908.92
557,58,Male,146969,3,181.74,22,2.0,3,1,545.22,48989.666666666664
558,47,Male,123110,8,499.78,18,2.9,7,1,3998.24,15388.75
559,34,Male,120494,44,214.76,6,1.2,3,1,9449.439999999999,2738.5
560,37,Male,29108,33,125.83,5,3.8,5,1,4152.39,882.060606060606
561,42,Male,97714,42,385.99,13,2.3,8,1,16211.58,2326.5238095238096
562,39,Female,55643,35,280.39,19,4.0,4,0,9813.65,1589.8
563,30,Female,51324,6,91.81,22,2.6,3,0,550.86,8554.0
564,36,Male,123896,39,202.73,8,1.8,7,1,7906.469999999999,3176.8205128205127
565,53,Male,103360,23,218.95,9,3.1,8,1,5035.849999999999,4493.913043478261
566,29,Male,130896,25,381.84,17,1.5,3,1,9546.0,5235.84
567,58,Male,28927,43,29.92,3,2.8,2,1,1286.5600000000002,672.7209302325581
568,36,Female,113680,19,149.13,19,2.3,7,1,2833.47,5983.1578947368425
569,29,Male,116546,5,268.45,11,4.6,4,0,1342.25,23309.2
570,26,Female,42443,11,149.05,24,1.2,1,1,1639.5500000000002,3858.4545454545455
571,24,Female,99973,12,321.65,17,3.8,9,1,3859.7999999999997,8331.083333333334
572,45,Male,83449,10,251.3,21,1.7,8,1,2513.0,8344.9
573,31,Female,129834,8,193.62,19,2.3,2,1,1548.96,16229.25
574,48,Female,125314,24,475.62,2,2.7,1,1,11414.880000000001,5221.416666666667
575,36,Female,96743,28,323.44,8,4.6,0,0,9056.32,3455.1071428571427
576,64,Female,141805,41,82.37,19,2.0,7,1,3377.17,3458.6585365853657
577,33,Male,80233,36,288.84,7,1.4,2,1,10398.24,2228.6944444444443
578,22,Male,45537,37,394.75,28,2.3,6,1,14605.75,1230.7297297297298
579,52,Female,121293,21,360.08,27,1.4,0,1,7561.679999999999,5775.857142857143
580,29,Male,97576,8,102.6,17,1.5,0,1,820.8,12197.0
581,42,Male,127522,9,486.76,6,3.3,8,1,4380.84,14169.111111111111
582,38,Male,42612,47,235.43,19,1.2,7,1,11065.210000000001,906.6382978723404
583,53,Male,113977,15,96.33,24,1.1,2,1,1444.95,7598.466666666666
584,40,Male,26471,48,106.49,6,3.9,5,1,5111.5199999999995,551.4791666666666
585,33,Female,55631,46,67.15,28,2.4,2,1,3088.9,1209.3695652173913
586,56,Male,148449,40,405.69,2,1.5,3,1,16227.6,3711.225
587,62,Male,128997,18,78.57,6,2.0,0,1,1414.2599999999998,7166.5
588,59,Male,112059,42,80.06,23,3.6,4,0,3362.52,2668.0714285714284
589,56,Male,51348,20,428.23,5,2.1,0,1,8564.6,2567.4
590,31,Female,84732,6,185.41,19,3.0,0,0,1112.46,14122.0
591,48,Female,21177,12,34.81,20,1.5,9,1,417.72,1764.75
592,22,Female,24760,2,44.91,4,3.4,6,1,89.82,12380.0
593,52,Female,52779,7,88.24,22,2.3,5,1,617.68,7539.857142857143
594,40,Male,41636,16,122.43,26,3.5,1,0,1958.88,2602.25
595,46,Female,101889,3,339.27,17,4.2,1,0,1017.81,33963.0
596,60,Male,73551,45,95.52,11,3.4,6,0,4298.4,1634.4666666666667
597,28,Male,31556,3,77.06,4,2.2,0,1,231.18,10518.666666666666
598,35,Male,47598,27,387.07,26,2.0,1,1,10450.89,1762.888888888889
599,64,Male,31563,43,342.11,13,2.3,7,1,14710.730000000001,734.0232558139535
600,29,Male,66819,40,228.96,20,1.7,5,1,9158.4,1670.475
601,26,Female,129326,38,283.67,26,1.7,1,1,10779.460000000001,3403.315789473684
602,27,Female,93770,33,169.75,17,4.2,6,0,5601.75,2841.5151515151515
603,61,Female,111055,28,251.6,9,2.5,3,0,7044.8,3966.25
604,34,Female,46966,1,263.2,4,2.7,1,1,263.2,46966.0
605,55,Male,140133,8,205.87,23,3.4,5,0,1646.96,17516.625
606,24,Female,101709,37,455.15,28,3.4,8,1,16840.55,2748.891891891892
607,63,Male,79889,32,27.71,14,1.3,8,1,886.72,2496.53125
608,30,Female,46987,48,395.44,19,4.3,7,1,18981.12,978.8958333333334
609,57,Male,98714,43,79.7,26,1.7,2,1,3427.1,2295.6744186046512
610,59,Male,124874,37,402.82,28,3.9,2,0,14904.34,3374.972972972973
611,26,Female,78348,4,315.64,3,4.1,1,1,1262.56,19587.0
612,44,Male,44596,30,424.77,14,3.9,4,0,12743.099999999999,1486.5333333333333
613,19,Male,53174,6,66.81,8,3.3,3,0,400.86,8862.333333333334
614,22,Female,84106,46,288.31,24,1.1,6,1,13262.26,1828.391304347826
615,46,Male,127510,19,260.52,27,2.4,3,1,4949.879999999999,6711.0526315789475
616,54,Female,89967,32,358.97,28,3.4,8,1,11487.04,2811.46875
617,55,Female,79182,9,276.46,1,2.5,1,1,2488.14,8798.0
618,36,Female,113300,12,279.55,10,4.5,5,0,3354.6000000000004,9441.666666666666
619,25,Male,107163,11,226.21,18,2.2,6,1,2488.31,9742.09090909091
620,62,Male,59310,46,168.24,16,2.2,3,1,7739.040000000001,1289.3478260869565
621,18,Male,76088,16,251.49,8,2.1,5,1,4023.84,4755.5
622,39,Female,148803,1,76.88,1,2.3,6,1,76.88,148803.0
623,34,Male,28906,45,481.53,12,3.2,3,0,21668.85,642.3555555555556
624,24,Female,56914,21,362.92,8,3.8,7,1,7621.320000000001,2710.190476190476
625,42,Female,130350,30,477.18,24,3.7,8,1,14315.4,4345.0
626,62,Male,65379,13,128.83,16,4.2,0,0,1674.7900000000002,5029.153846153846
627,21,Female,98612,34,442.08,18,4.5,6,0,15030.72,2900.3529411764707
628,53,Male,134828,4,408.22,4,4.3,8,1,1632.88,33707.0
629,23,Male,147445,28,345.03,6,1.1,9,1,9660.84,5265.892857142857
630,48,Male,57650,38,320.01,12,3.9,4,0,12160.38,1517.1052631578948
631,36,Male,66881,31,171.94,27,1.8,1,1,5330.14,2157.451612903226
632,61,Male,66413,27,411.88,9,1.5,9,1,11120.76,2459.740740740741
633,56,Female,26012,5,260.73,15,3.6,5,0,1303.65,5202.4
634,44,Female,70115,25,54.03,16,2.3,6,1,1350.75,2804.6
635,27,Female,27151,3,170.17,24,1.2,1,1,510.51,9050.333333333334
636,43,Male,77716,33,468.94,12,1.6,1,1,15475.02,2355.030303030303
637,36,Male,113747,4,428.33,24,1.0,9,1,1713.32,28436.75
638,56,Male,112653,25,491.31,23,4.6,9,1,12282.75,4506.12
639,20,Female,56378,20,321.44,14,1.1,0,1,6428.8,2818.9
640,62,Male,62652,34,138.8,13,1.8,3,1,4719.200000000001,1842.7058823529412
641,30,Female,92430,26,98.15,25,2.7,6,0,2551.9,3555.0
642,45,Female,33467,5,109.72,2,2.4,8,1,548.6,6693.4
643,37,Male,51010,35,29.5,3,4.6,2,1,1032.5,1457.4285714285713
644,45,Male,148647,28,207.53,26,1.2,6,1,5810.84,5308.821428571428
645,25,Female,141999,29,111.89,24,3.0,6,0,3244.81,4896.517241379311
646,58,Male,134793,9,217.59,22,3.7,6,0,1958.31,14977.0
647,56,Female,74691,38,468.8,10,4.7,1,0,17814.4,1965.5526315789473
648,18,Male,84157,6,226.66,9,3.5,5,0,1359.96,14026.166666666666
649,20,Male,128177,19,441.43,26,4.2,1,0,8387.17,6746.1578947368425
650,30,Female,32289,44,310.64,20,1.3,5,1,13668.16,733.8409090909091
651,45,Male,64976,11,138.62,8,2.5,9,1,1524.8200000000002,5906.909090909091
652,42,Female,63596,2,190.81,10,2.5,2,0,381.62,31798.0
653,50,Male,43171,47,60.28,19,4.5,1,0,2833.16,918.531914893617
654,55,Female,120441,44,180.06,3,1.6,5,1,7922.64,2737.2954545454545
655,23,Female,146296,44,345.22,24,1.6,1,1,15189.68,3324.909090909091
656,61,Male,106365,9,54.61,5,2.3,4,1,491.49,11818.333333333334
657,62,Female,138218,21,118.59,3,1.2,1,1,2490.39,6581.809523809524
658,49,Male,119590,24,203.09,26,1.7,2,1,4874.16,4982.916666666667
659,62,Male,134014,34,491.38,27,4.9,2,0,16706.92,3941.5882352941176
660,64,Male,64139,22,396.73,16,2.7,5,0,8728.060000000001,2915.409090909091
661,38,Female,68713,3,372.07,17,3.5,5,0,1116.21,22904.333333333332
662,33,Female,49734,12,75.77,15,3.9,9,1,909.24,4144.5
663,38,Male,92588,28,394.88,3,2.5,2,1,11056.64,3306.714285714286
664,28,Male,83646,30,396.93,12,1.6,2,1,11907.9,2788.2
665,54,Female,23654,26,308.53,9,1.8,0,1,8021.779999999999,909.7692307692307
666,53,Male,109022,48,495.37,21,2.3,6,1,23777.760000000002,2271.2916666666665
667,52,Male,38743,21,176.12,12,3.5,7,1,3698.52,1844.904761904762
668,36,Female,68368,28,471.81,26,2.6,1,0,13210.68,2441.714285714286
669,37,Male,110025,26,459.07,15,1.0,3,1,11935.82,4231.7307692307695
670,35,Female,94172,33,25.51,2,3.1,9,1,841.83,2853.6969696969695
671,64,Male,26441,21,236.06,23,4.7,6,0,4957.26,1259.095238095238
672,58,Female,139735,35,489.01,18,4.2,7,1,17115.35,3992.4285714285716
673,31,Male,44611,34,69.5,20,4.3,0,0,2363.0,1312.0882352941176
674,32,Male,139891,41,282.94,12,4.2,3,0,11600.539999999999,3411.9756097560976
675,48,Female,127971,47,489.9,23,2.3,5,1,23025.3,2722.7872340425533
676,18,Male,32149,18,286.64,4,4.1,2,1,5159.5199999999995,1786.0555555555557
677,20,Female,120102,11,111.11,23,1.6,4,1,1222.21,10918.363636363636
678,33,Male,79189,23,299.45,16,3.6,9,1,6887.349999999999,3443.0
679,40,Female,127904,48,118.13,23,3.6,8,1,5670.24,2664.6666666666665
680,28,Female,41675,22,269.46,16,1.1,2,1,5928.12,1894.3181818181818
681,29,Female,91031,17,55.54,1,4.2,4,1,944.18,5354.764705882353
682,27,Female,62668,5,310.63,22,4.6,7,1,1553.15,12533.6
683,49,Male,33673,44,268.06,25,2.1,5,1,11794.64,765.2954545454545
684,33,Male,149582,11,375.28,2,4.2,3,1,4128.08,13598.363636363636
685,25,Female,96666,30,322.74,3,1.3,7,1,9682.2,3222.2
686,55,Female,108204,15,283.81,26,3.4,2,0,4257.15,7213.6
687,29,Female,100758,27,351.09,21,2.9,2,0,9479.429999999998,3731.777777777778
688,41,Male,85429,35,89.09,25,3.2,3,0,3118.15,2440.8285714285716
689,45,Male,43669,33,305.77,20,4.7,8,1,10090.41,1323.3030303030303
690,25,Male,54068,20,102.61,17,4.5,4,0,2052.2,2703.4
691,45,Male,108789,16,464.25,20,4.1,7,1,7428.0,6799.3125
692,53,Female,29435,34,52.8,22,2.1,5,1,1795.1999999999998,865.7352941176471
693,43,Female,114088,2,226.58,21,4.6,2,0,453.16,57044.0
694,25,Female,72249,35,353.98,29,1.4,7,1,12389.300000000001,2064.2571428571428
695,45,Male,57384,40,239.85,1,4.4,8,1,9594.0,1434.6
696,45,Male,148782,28,64.21,20,2.3,7,1,1797.8799999999999,5313.642857142857
697,54,Male,101929,47,285.62,6,1.2,3,1,13424.14,2168.7021276595747
698,58,Female,147959,39,327.98,29,3.7,5,0,12791.220000000001,3793.8205128205127
699,53,Female,96153,6,357.82,15,1.9,0,1,2146.92,16025.5
700,44,Male,124056,9,199.16,26,2.0,3,1,1792.44,13784.0
701,34,Female,95388,20,290.56,26,2.2,7,1,5811.2,4769.4
702,26,Male,51401,1,236.33,14,1.3,0,1,236.33,51401.0
703,50,Male,145511,8,342.59,20,1.7,2,1,2740.72,18188.875
704,37,Female,91831,23,300.11,15,1.0,0,1,6902.530000000001,3992.6521739130435
705,30,Male,139503,3,272.36,14,2.8,8,1,817.08,46501.0
706,45,Female,135760,4,139.77,25,1.3,1,1,559.08,33940.0
707,46,Male,121529,25,20.97,21,3.7,8,1,524.25,4861.16
708,30,Female,147834,47,103.56,24,1.9,3,1,4867.32,3145.404255319149
709,63,Female,54084,38,76.19,25,4.8,1,0,2895.22,1423.2631578947369
710,52,Female,140387,15,235.56,26,4.5,3,0,3533.4,9359.133333333333
711,23,Male,130641,21,313.88,5,2.2,9,1,6591.48,6221.0
712,35,Male,125111,35,122.28,6,4.1,5,1,4279.8,3574.6
713,22,Female,75826,46,470.75,17,4.2,6,0,21654.5,1648.391304347826
714,64,Female,56451,14,23.21,11,4.9,2,0,324.94,4032.214285714286
715,42,Male,27227,36,390.7,16,3.4,2,0,14065.199999999999,756.3055555555555
716,19,Male,51910,12,320.1,12,1.3,9,1,3841.2000000000003,4325.833333333333
717,27,Male,56041,17,199.31,15,3.6,7,1,3388.27,3296.529411764706
718,47,Female,108920,39,44.23,23,3.5,4,0,1724.9699999999998,2792.8205128205127
719,62,Male,85681,9,321.19,4,3.6,3,1,2890.71,9520.111111111111
720,22,Male,123314,35,205.09,27,2.2,6,1,7178.150000000001,3523.2571428571428
721,50,Female,101571,13,469.41,18,4.4,6,0,6102.33,7813.153846153846
722,18,Male,85481,15,280.16,21,4.8,8,1,4202.400000000001,5698.733333333334
723,35,Male,88576,18,471.03,28,1.9,8,1,8478.539999999999,4920.888888888889
724,49,Male,127958,33,125.83,3,1.4,4,1,4152.39,3877.5151515151515
725,64,Female,149265,6,368.35,22,1.8,7,1,2210.1000000000004,24877.5
726,28,Female,147556,27,316.28,8,4.3,9,1,8539.56,5465.037037037037
727,38,Female,84174,23,374.92,23,3.7,0,0,8623.16,3659.7391304347825
728,43,Female,46160,27,123.04,3,3.5,8,1,3322.0800000000004,1709.6296296296296
729,42,Female,135170,34,339.2,8,2.6,7,1,11532.8,3975.5882352941176
730,39,Female,137867,46,259.06,18,3.3,5,0,11916.76,2997.108695652174
731,44,Female,37633,38,376.56,10,2.2,2,1,14309.28,990.3421052631579
732,30,Male,114880,14,176.98,25,2.9,2,0,2477.72,8205.714285714286
733,50,Male,37014,36,447.23,20,4.2,7,1,16100.28,1028.1666666666667
734,51,Female,100532,8,60.46,17,4.9,4,0,483.68,12566.5
735,58,Male,69104,35,407.45,8,4.7,9,1,14260.75,1974.4
736,52,Male,61621,19,433.43,23,4.7,6,0,8235.17,3243.2105263157896
737,18,Female,97231,30,412.28,11,2.6,4,0,12368.4,3241.0333333333333
738,38,Male,88388,14,266.11,29,2.9,7,1,3725.54,6313.428571428572
739,23,Male,36014,20,230.42,5,3.8,9,1,4608.4,1800.7
740,45,Male,112578,49,498.21,26,4.7,9,1,24412.289999999997,2297.5102040816328
741,34,Male,53755,25,130.0,13,1.6,3,1,3250.0,2150.2
742,22,Male,60390,40,282.5,21,2.2,1,1,11300.0,1509.75
743,48,Female,43711,24,341.92,23,1.6,2,1,8206.08,1821.2916666666667
744,22,Female,111658,14,356.42,5,3.4,7,1,4989.88,7975.571428571428
745,55,Female,77993,26,117.93,24,2.2,6,1,3066.1800000000003,2999.730769230769
746,20,Male,94696,38,333.92,27,2.3,1,1,12688.960000000001,2492.0
747,40,Female,47213,23,412.82,13,1.3,5,1,9494.86,2052.7391304347825
748,54,Male,135788,22,44.01,6,2.4,8,1,968.2199999999999,6172.181818181818
749,54,Male,124956,48,457.53,29,4.4,3,0,21961.44,2603.25
750,27,Male,77784,19,34.16,5,1.9,8,1,649.04,4093.8947368421054
751,27,Male,27421,46,190.87,9,3.8,1,0,8780.02,596.1086956521739
752,36,Female,106936,3,27.59,27,3.5,1,0,82.77,35645.333333333336
753,34,Female,119073,42,57.03,16,4.5,8,1,2395.26,2835.0714285714284
754,38,Male,37727,19,457.36,2,1.5,6,1,8689.84,1985.6315789473683
755,31,Female,132418,9,190.33,1,4.9,6,1,1712.97,14713.111111111111
756,26,Male,24358,28,223.89,8,3.3,0,0,6268.92,869.9285714285714
757,63,Female,85108,20,123.37,28,5.0,5,0,2467.4,4255.4
758,18,Female,146609,45,306.61,19,4.6,6,0,13797.45,3257.9777777777776
759,62,Male,114018,7,305.51,11,1.9,5,1,2138.5699999999997,16288.285714285714
760,30,Female,144457,14,198.66,28,1.2,5,1,2781.24,10318.357142857143
761,21,Male,52117,9,179.86,12,2.0,1,1,1618.7400000000002,5790.777777777777
762,18,Female,108700,19,444.78,12,3.1,5,0,8450.82,5721.0526315789475
763,57,Male,51910,47,203.98,7,1.7,3,1,9587.06,1104.468085106383
764,49,Male,146888,14,256.88,26,1.7,8,1,3596.3199999999997,10492.0
765,51,Female,118032,38,155.99,13,2.9,0,0,5927.620000000001,3106.1052631578946
766,45,Female,75754,36,397.65,27,1.1,7,1,14315.4,2104.277777777778
767,48,Male,82438,40,210.78,8,1.5,4,1,8431.2,2060.95
768,25,Female,129847,17,266.53,29,2.7,0,0,4531.009999999999,7638.058823529412
769,56,Female,49371,30,141.61,29,1.3,3,1,4248.3,1645.7
770,43,Male,71501,9,494.08,22,2.6,0,0,4446.72,7944.555555555556
771,51,Male,80946,33,159.92,28,2.9,5,0,5277.36,2452.909090909091
772,20,Female,58467,25,389.96,26,2.8,1,0,9749.0,2338.68
773,29,Male,37625,14,225.2,9,4.5,4,0,3152.7999999999997,2687.5
774,18,Male,53893,11,118.98,7,3.1,6,1,1308.78,4899.363636363636
775,61,Male,96329,35,403.87,26,2.9,1,0,14135.45,2752.2571428571428
776,22,Female,51007,41,180.13,21,2.6,5,0,7385.33,1244.0731707317073
777,47,Female,111302,14,435.29,24,4.3,5,0,6094.06,7950.142857142857
778,47,Male,59532,30,459.32,15,4.6,4,0,13779.6,1984.4
779,34,Female,74253,41,432.72,2,4.4,4,1,17741.52,1811.0487804878048
780,64,Male,32323,4,36.8,23,3.7,2,0,147.2,8080.75
781,40,Female,131335,4,397.94,20,1.5,9,1,1591.76,32833.75
782,32,Male,132356,28,217.44,25,2.1,9,1,6088.32,4727.0
783,54,Male,130944,8,439.39,12,1.2,1,1,3515.12,16368.0
784,38,Female,93379,2,326.22,1,4.7,6,1,652.44,46689.5
785,31,Male,34210,41,420.15,23,3.6,0,0,17226.149999999998,834.390243902439
786,19,Female,36456,46,259.73,22,4.0,5,0,11947.580000000002,792.5217391304348
787,28,Female,51367,22,276.81,8,2.2,5,1,6089.82,2334.8636363636365
788,56,Male,74624,41,89.31,5,4.4,2,1,3661.71,1820.0975609756097
789,55,Male,30106,16,396.31,15,2.0,1,1,6340.96,1881.625
790,51,Female,123493,29,221.31,1,1.0,1,1,6417.99,4258.379310344828
791,55,Male,88008,49,260.04,1,2.5,8,1,12741.960000000001,1796.0816326530612
792,51,Male,145926,48,396.85,25,3.3,4,0,19048.800000000003,3040.125
793,35,Male,135395,30,307.45,10,2.9,6,0,9223.5,4513.166666666667
794,47,Male,136492,12,116.53,22,4.4,4,0,1398.3600000000001,11374.333333333334
795,32,Male,92240,35,303.31,10,1.4,6,1,10615.85,2635.4285714285716
796,44,Female,84315,11,215.66,21,3.2,3,0,2372.2599999999998,7665.0
797,51,Female,89249,46,245.37,15,3.1,7,1,11287.02,1940.195652173913
798,55,Male,90587,21,33.59,17,2.1,9,1,705.3900000000001,4313.666666666667
799,50,Male,30756,21,120.81,22,4.3,9,1,2537.01,1464.5714285714287
800,41,Male,88011,5,154.9,6,4.0,6,1,774.5,17602.2
801,32,Female,56378,48,362.22,3,3.9,9,1,17386.56,1174.5416666666667
802,47,Male,24255,20,25.52,13,4.5,4,0,510.4,1212.75
803,59,Female,34484,37,216.21,16,3.9,5,0,7999.77,932.0
804,34,Female,145703,3,463.53,8,1.9,4,1,1390.59,48567.666666666664
805,22,Female,76549,44,73.7,15,3.8,6,0,3242.8,1739.75
806,46,Male,54503,33,267.88,17,2.2,1,1,8840.039999999999,1651.6060606060605
807,21,Female,144465,9,397.53,17,2.0,4,1,3577.7699999999995,16051.666666666666
808,27,Male,93794,9,472.42,22,1.3,9,1,4251.78,10421.555555555555
809,34,Female,145941,4,378.45,26,4.0,2,0,1513.8,36485.25
810,27,Male,126283,35,365.87,13,3.8,8,1,12805.45,3608.0857142857144
811,34,Female,120732,17,416.71,17,1.9,5,1,7084.07,7101.882352941177
812,37,Male,65113,34,234.18,6,4.0,9,1,7962.12,1915.0882352941176
813,41,Female,125730,24,406.81,17,4.7,2,0,9763.44,5238.75
814,22,Male,94069,32,23.82,16,1.4,6,1,762.24,2939.65625
815,51,Male,118117,1,463.79,14,1.9,3,1,463.79,118117.0
816,23,Male,25249,8,232.79,13,4.0,2,0,1862.32,3156.125
817,19,Male,145654,45,285.62,6,2.1,7,1,12852.9,3236.7555555555555
818,30,Female,139979,23,142.34,3,3.5,3,1,3273.82,6086.04347826087
819,60,Female,39201,47,376.41,14,1.3,0,1,17691.27,834.063829787234
820,60,Male,145541,40,56.79,14,2.8,5,0,2271.6,3638.525
821,28,Female,78576,12,438.87,15,4.0,9,1,5266.4400000000005,6548.0
822,64,Male,138562,12,417.5,8,3.7,0,0,5010.0,11546.833333333334
823,40,Male,145281,46,123.71,29,4.3,4,0,5690.66,3158.282608695652
824,33,Female,29686,47,408.48,15,4.5,6,0,19198.56,631.6170212765958
825,48,Male,132413,15,397.45,22,4.1,5,0,5961.75,8827.533333333333
826,28,Male,73363,41,323.46,29,3.7,1,0,13261.859999999999,1789.341463414634
827,33,Female,117543,19,199.29,27,1.1,3,1,3786.5099999999998,6186.473684210527
828,25,Male,20661,26,150.32,13,3.1,1,0,3908.3199999999997,794.6538461538462
829,21,Male,64843,29,131.26,17,1.2,0,1,3806.54,2235.9655172413795
830,57,Male,115673,22,172.93,21,4.2,2,0,3804.46,5257.863636363636
831,21,Male,80963,40,453.71,24,2.3,2,1,18148.399999999998,2024.075
832,42,Female,133092,21,57.27,3,3.2,6,1,1202.67,6337.714285714285
833,20,Female,62828,38,417.86,28,2.1,0,1,15878.68,1653.3684210526317
834,49,Female,68604,20,187.47,6,4.1,8,1,3749.4,3430.2
835,20,Male,30526,29,270.37,5,4.5,5,1,7840.7300000000005,1052.6206896551723
836,44,Male,88910,4,401.35,22,2.6,3,0,1605.4,22227.5
837,46,Female,45592,7,444.5,26,4.5,2,0,3111.5,6513.142857142857
838,49,Male,48982,28,185.5,17,2.1,2,1,5194.0,1749.357142857143
839,36,Male,20207,28,241.68,23,3.1,1,0,6767.04,721.6785714285714
840,38,Male,120969,4,218.97,25,4.4,1,0,875.88,30242.25
841,22,Male,137181,22,26.36,2,2.3,9,1,579.92,6235.5
842,35,Female,108733,12,162.05,26,4.8,4,0,1944.6000000000001,9061.083333333334
843,45,Female,118936,45,240.41,15,1.5,8,1,10818.45,2643.0222222222224
844,59,Female,144982,3,217.32,5,1.1,1,1,651.96,48327.333333333336
845,39,Male,145839,22,366.53,26,4.6,1,0,8063.66,6629.045454545455
846,38,Female,88619,44,204.71,20,1.3,5,1,9007.24,2014.0681818181818
847,23,Female,49328,2,254.9,6,5.0,9,1,509.8,24664.0
848,18,Male,66479,24,226.21,6,4.8,1,1,5429.04,2769.9583333333335
849,22,Male,128427,34,375.5,27,1.5,3,1,12767.0,3777.264705882353
850,58,Female,40103,27,434.23,18,3.2,5,0,11724.210000000001,1485.2962962962963
851,29,Female,59891,41,275.31,18,1.7,4,1,11287.710000000001,1460.7560975609756
852,43,Female,30754,1,398.93,4,2.7,0,1,398.93,30754.0
853,63,Female,119983,8,162.46,17,1.2,5,1,1299.68,14997.875
854,51,Male,101437,23,279.86,25,1.9,0,1,6436.780000000001,4410.304347826087
855,31,Female,118540,38,185.71,14,2.5,2,0,7056.9800000000005,3119.4736842105262
856,43,Female,92982,6,218.82,14,2.8,9,1,1312.92,15497.0
857,62,Male,122747,22,371.56,13,4.9,4,0,8174.32,5579.409090909091
858,44,Female,75922,25,443.2,7,4.2,9,1,11080.0,3036.88
859,26,Male,68231,18,78.32,12,3.9,4,0,1409.7599999999998,3790.6111111111113
860,43,Male,49301,17,324.63,23,3.1,9,1,5518.71,2900.0588235294117
861,64,Male,111652,12,299.43,15,4.4,5,0,3593.16,9304.333333333334
862,39,Female,140787,6,76.84,19,2.4,9,1,461.04,23464.5
863,64,Female,146823,26,121.71,11,3.8,7,1,3164.46,5647.038461538462
864,47,Male,82711,27,169.28,15,5.0,4,0,4570.56,3063.3703703703704
865,60,Female,61323,8,100.13,12,2.3,0,1,801.04,7665.375
866,34,Female,38752,19,136.99,3,3.7,4,1,2602.8100000000004,2039.578947368421
867,43,Male,117912,42,148.45,17,4.4,2,0,6234.9,2807.4285714285716
868,53,Male,102205,1,181.12,3,4.7,3,1,181.12,102205.0
869,18,Female,118452,29,379.71,19,3.9,7,1,11011.59,4084.551724137931
870,25,Male,33395,45,294.52,20,2.1,6,1,13253.4,742.1111111111111
871,52,Female,105957,49,493.4,4,2.3,4,1,24176.6,2162.387755102041
872,32,Female,141237,35,219.07,3,1.1,1,1,7667.45,4035.342857142857
873,64,Female,76273,40,381.86,26,4.0,5,0,15274.400000000001,1906.825
874,39,Female,147431,14,438.3,16,1.2,5,1,6136.2,10530.785714285714
875,31,Male,111878,35,345.91,12,4.5,9,1,12106.85,3196.5142857142855
876,43,Male,24895,48,217.7,8,1.5,9,1,10449.599999999999,518.6458333333334
877,45,Male,139968,45,381.73,24,1.7,5,1,17177.850000000002,3110.4
878,40,Male,135700,20,117.76,29,2.9,8,1,2355.2000000000003,6785.0
879,31,Female,96559,49,177.23,29,4.0,7,1,8684.269999999999,1970.591836734694
880,41,Female,30699,13,282.41,17,1.6,7,1,3671.3300000000004,2361.4615384615386
881,19,Male,85061,38,296.2,7,2.8,0,1,11255.6,2238.4473684210525
882,62,Female,29715,49,30.63,11,2.9,4,0,1500.87,606.4285714285714
883,43,Female,39169,46,473.65,18,1.8,6,1,21787.899999999998,851.5
884,31,Female,145436,49,354.38,1,1.5,5,1,17364.62,2968.081632653061
885,24,Male,138413,8,257.94,3,4.3,4,1,2063.52,17301.625
886,20,Male,36163,43,467.9,4,3.0,7,1,20119.7,841.0
887,64,Male,139264,20,230.77,13,1.1,2,1,4615.400000000001,6963.2
888,40,Female,25782,33,490.61,6,4.2,5,1,16190.130000000001,781.2727272727273
889,63,Male,108177,26,265.9,26,4.9,4,0,6913.4,4160.653846153846
890,60,Male,149772,39,74.86,14,3.4,7,1,2919.54,3840.3076923076924
891,64,Male,144481,21,387.1,5,3.0,3,1,8129.1,6880.047619047619
892,62,Male,104328,49,345.87,16,4.5,7,1,16947.63,2129.1428571428573
893,35,Male,135028,42,391.03,15,4.8,9,1,16423.26,3214.9523809523807
894,55,Male,55585,43,476.69,15,4.0,1,0,20497.67,1292.6744186046512
895,52,Female,50682,41,392.71,4,2.8,8,1,16101.109999999999,1236.1463414634147
896,32,Female,67864,9,313.44,8,3.4,8,1,2820.96,7540.444444444444
897,42,Male,149992,24,431.51,27,3.8,9,1,10356.24,6249.666666666667
898,54,Male,104416,37,343.16,16,1.8,9,1,12696.92,2822.054054054054
899,45,Female,75114,49,215.9,28,2.8,5,0,10579.1,1532.938775510204
900,27,Female,147810,41,445.1,16,4.3,3,0,18249.100000000002,3605.121951219512
901,56,Male,58067,17,126.51,4,3.6,3,1,2150.67,3415.705882352941
902,34,Male,62685,24,363.03,13,2.6,5,0,8712.72,2611.875
903,56,Male,142262,21,443.15,26,3.7,4,0,9306.15,6774.380952380952
904,39,Male,38073,39,371.03,28,1.5,5,1,14470.169999999998,976.2307692307693
905,43,Female,56035,41,354.69,13,2.6,6,0,14542.289999999999,1366.7073170731708
906,61,Male,84977,39,381.27,2,4.2,6,1,14869.529999999999,2178.897435897436
907,42,Male,122710,13,243.23,3,1.9,8,1,3161.99,9439.23076923077
908,34,Male,110373,11,439.6,22,1.7,7,1,4835.6,10033.90909090909
909,30,Male,103362,46,117.65,8,4.8,5,0,5411.900000000001,2247.0
910,37,Female,110517,19,81.15,24,1.8,5,1,1541.8500000000001,5816.684210526316
911,42,Female,85450,11,157.04,15,2.0,4,1,1727.4399999999998,7768.181818181818
912,21,Female,30382,13,275.16,11,4.9,0,0,3577.0800000000004,2337.076923076923
913,27,Male,24437,46,265.07,9,3.9,8,1,12193.22,531.2391304347826
914,20,Male,90971,45,413.89,7,3.8,8,1,18625.05,2021.5777777777778
915,58,Female,84612,1,214.19,13,4.4,8,1,214.19,84612.0
916,62,Male,110355,40,252.49,2,1.5,7,1,10099.6,2758.875
917,35,Male,81929,44,26.42,8,3.8,9,1,1162.48,1862.0227272727273
918,64,Female,122411,19,216.67,7,3.0,2,1,4116.73,6442.684210526316
919,53,Female,117518,12,330.93,24,4.3,0,0,3971.16,9793.166666666666
920,64,Female,118864,8,27.44,12,3.0,7,1,219.52,14858.0
921,39,Female,32329,8,154.82,19,3.5,6,0,1238.56,4041.125
922,51,Male,145605,45,119.82,7,2.9,4,1,5391.9,3235.6666666666665
923,64,Male,45169,12,40.15,10,2.9,9,1,481.79999999999995,3764.0833333333335
924,25,Female,107468,48,250.04,29,4.1,6,0,12001.92,2238.9166666666665
925,57,Male,54594,33,107.23,25,3.5,9,1,3538.59,1654.3636363636363
926,61,Female,96957,45,376.68,16,3.5,3,0,16950.6,2154.6
927,36,Female,80631,26,427.01,3,2.8,8,1,11102.26,3101.1923076923076
928,59,Male,65033,39,281.88,10,3.1,9,1,10993.32,1667.5128205128206
929,58,Female,83133,28,491.22,6,4.0,1,1,13754.16,2969.035714285714
930,54,Male,93165,5,236.23,18,4.3,8,1,1181.1499999999999,18633.0
931,23,Male,93861,8,266.42,18,3.8,8,1,2131.36,11732.625
932,43,Male,72290,25,494.82,5,4.7,4,1,12370.5,2891.6
933,51,Male,114031,27,131.14,21,4.3,0,0,3540.7799999999997,4223.37037037037
934,62,Female,51750,46,472.42,29,3.2,6,0,21731.32,1125.0
935,23,Male,115155,23,40.56,7,3.7,9,1,932.8800000000001,5006.739130434783
936,54,Female,60461,30,234.27,28,4.7,9,1,7028.1,2015.3666666666666
937,50,Female,93800,45,53.6,2,3.5,3,1,2412.0,2084.4444444444443
938,39,Female,98222,47,370.03,11,4.3,8,1,17391.41,2089.8297872340427
939,38,Female,132020,23,312.04,13,3.8,5,0,7176.92,5740.0
940,23,Male,44226,49,359.18,23,3.2,2,0,17599.82,902.5714285714286
941,23,Male,26721,47,199.75,5,2.0,5,1,9388.25,568.531914893617
942,21,Female,76154,20,197.35,6,2.7,9,1,3947.0,3807.7
943,47,Female,40609,18,41.75,24,4.9,5,0,751.5,2256.0555555555557
944,28,Male,72130,18,187.97,26,3.6,4,0,3383.46,4007.222222222222
945,47,Female,92909,2,466.06,29,3.3,1,0,932.12,46454.5
946,48,Male,124211,4,202.03,14,4.7,9,1,808.12,31052.75
947,41,Female,75249,30,419.06,12,3.3,9,1,12571.8,2508.3
948,26,Male,68895,33,424.32,4,3.1,1,1,14002.56,2087.7272727272725
949,20,Female,114473,36,199.16,29,4.0,6,0,7169.76,3179.8055555555557
950,48,Female,25656,18,323.35,23,3.9,1,0,5820.3,1425.3333333333333
951,57,Male,144865,37,65.78,6,1.8,5,1,2433.86,3915.2702702702704
952,54,Female,94520,19,69.77,10,2.9,4,0,1325.6299999999999,4974.736842105263
953,53,Female,83740,47,43.36,18,2.9,3,0,2037.92,1781.7021276595744
954,41,Male,84309,28,298.89,15,2.5,6,0,8368.92,3011.035714285714
955,48,Female,49984,40,224.51,8,3.1,7,1,8980.4,1249.6
956,23,Male,138947,20,283.06,26,2.7,3,0,5661.2,6947.35
957,19,Male,93822,49,270.12,9,1.8,0,1,13235.880000000001,1914.734693877551
958,37,Female,25901,33,188.1,5,2.6,0,1,6207.3,784.8787878787879
959,45,Female,51552,12,345.19,10,1.3,0,1,4142.28,4296.0
960,28,Female,111245,15,384.08,20,3.3,0,0,5761.2,7416.333333333333
961,21,Female,51055,41,27.02,6,4.4,4,1,1107.82,1245.2439024390244
962,32,Female,57685,39,119.48,16,3.9,3,0,4659.72,1479.1025641025642
963,23,Female,93965,2,362.35,24,2.4,8,1,724.7,46982.5
964,47,Female,34716,29,205.58,27,1.3,2,1,5961.820000000001,1197.103448275862
965,55,Male,134099,41,337.99,3,1.8,6,1,13857.59,3270.7073170731705
966,19,Female,31138,10,186.54,10,3.2,7,1,1865.3999999999999,3113.8
967,32,Male,55298,2,207.56,11,1.8,5,1,415.12,27649.0
968,28,Female,71112,11,96.17,11,3.2,9,1,1057.8700000000001,6464.727272727273
969,25,Female,43429,13,143.95,17,1.9,0,1,1871.35,3340.6923076923076
970,43,Male,70200,10,310.6,4,4.4,7,1,3106.0,7020.0
971,62,Female,91308,14,227.92,4,2.6,9,1,3190.8799999999997,6522.0
972,61,Female,68244,18,391.67,17,2.0,2,1,7050.06,3791.3333333333335
973,22,Male,137217,9,429.24,9,4.2,7,1,3863.16,15246.333333333334
974,23,Female,134055,39,279.99,19,2.4,3,1,10919.61,3437.3076923076924
975,43,Female,121268,28,383.97,5,1.4,7,1,10751.16,4331.0
976,21,Female,125441,3,167.31,22,3.3,0,0,501.93,41813.666666666664
977,36,Male,37347,20,219.19,24,3.3,2,0,4383.8,1867.35
978,37,Female,36920,6,362.13,6,3.9,5,1,2172.7799999999997,6153.333333333333
979,50,Female,51822,27,205.38,3,2.0,8,1,5545.26,1919.3333333333333
980,37,Female,66659,2,302.48,22,2.8,1,0,604.96,33329.5
981,29,Female,60108,29,108.98,1,2.1,0,1,3160.42,2072.689655172414
982,64,Male,148955,38,307.89,20,1.3,9,1,11699.82,3919.8684210526317
983,18,Male,109099,3,433.53,22,4.5,2,0,1300.59,36366.333333333336
984,43,Female,27967,16,436.95,16,3.9,3,0,6991.2,1747.9375
985,31,Female,130719,30,367.69,23,2.2,4,1,11030.7,4357.3
986,55,Male,31871,40,377.96,11,3.4,2,0,15118.4,796.775
987,54,Male,114299,2,287.81,13,1.8,9,1,575.62,57149.5
988,28,Female,97452,17,300.64,27,4.6,1,0,5110.88,5732.470588235294
989,53,Male,94270,41,84.15,10,1.5,1,1,3450.15,2299.268292682927
990,30,Female,53613,12,233.05,3,1.0,6,1,2796.6000000000004,4467.75
991,60,Male,48179,35,236.37,9,3.0,8,1,8272.95,1376.5428571428572
992,20,Male,140465,43,480.08,28,3.3,9,1,20643.44,3266.6279069767443
993,50,Male,72188,1,226.92,12,3.3,1,0,226.92,72188.0
994,23,Male,75099,45,283.68,23,1.2,6,1,12765.6,1668.8666666666666
995,27,Female,55262,15,275.96,14,2.3,6,1,4139.4,3684.133333333333
996,22,Male,98213,26,325.65,1,3.0,6,1,8466.9,3777.423076923077
997,40,Male,137407,37,379.15,18,1.9,2,1,14028.55,3713.7027027027025
998,27,Female,38268,21,128.02,17,4.5,6,0,2688.42,1822.2857142857142
999,61,Male,97866,49,273.79,27,1.3,0,1,13415.710000000001,1997.265306122449
1000,19,Male,106269,31,416.44,9,2.9,9,1,12909.64,3428.032258064516
